,Player,Season,Team,Pos,GP,G,A,P,+/-,PIM,P/GP,PPG,PPP,SHG,SHP,GWG,OTG,S,S%,TOI/GP,Shifts/GP,FOW%
1,Mario Lemieux,1992-93,PIT,C,60,69,91,160,55,38,2.67,16,55,6,9,10,0,286,24.1,,--,--
2,Pat LaFontaine,1992-93,BUF,C,84,53,95,148,11,63,1.76,20,63,2,2,7,0,306,17.3,,--,--
3,Adam Oates,1992-93,BOS,C,84,45,97,142,15,32,1.69,24,62,1,2,11,0,254,17.7,,--,--
4,Steve Yzerman,1992-93,DET,C,84,58,79,137,33,44,1.63,13,41,7,9,6,0,307,18.9,,--,--
5,Teemu Selanne,1992-93,WIN,R,84,76,56,132,8,45,1.57,24,49,0,0,7,0,387,19.6,,--,--
6,Pierre Turgeon,1992-93,NYI,C,83,58,74,132,-1,26,1.59,24,54,0,1,10,2,301,19.3,,--,--
7,Alexander Mogilny,1992-93,BUF,R,77,76,51,127,7,40,1.65,27,48,0,1,11,0,360,21.1,,--,--
8,Doug Gilmour,1992-93,TOR,C,83,32,95,127,32,100,1.53,15,59,3,5,2,0,211,15.2,,--,--
9,Luc Robitaille,1992-93,LAK,L,84,63,62,125,18,100,1.49,24,45,2,4,8,0,265,23.8,,--,--
10,Mark Recchi,1992-93,PHI,R,84,53,70,123,1,95,1.46,15,42,4,5,6,0,274,19.3,,--,--
11,Mats Sundin,1992-93,QUE,C,80,47,67,114,21,96,1.43,13,47,4,9,9,1,215,21.9,,--,--
12,Kevin Stevens,1992-93,PIT,L,72,55,56,111,17,177,1.54,26,44,0,0,5,0,326,16.9,,--,--
13,Pavel Bure,1992-93,VAN,R,83,60,50,110,35,69,1.33,13,33,7,9,9,0,407,14.7,,--,--
14,Rick Tocchet,1992-93,PIT,R,80,48,61,109,28,252,1.36,20,40,4,4,5,0,240,20.0,,--,--
15,Jeremy Roenick,1992-93,CHI,C,84,50,57,107,15,86,1.27,22,51,3,3,3,0,255,19.6,,--,--
16,Craig Janney,1992-93,STL,C,84,24,82,106,-4,12,1.26,8,44,0,0,6,0,137,17.5,,--,--
17,Joe Sakic,1992-93,QUE,C,78,48,57,105,-3,40,1.35,20,47,2,3,4,0,264,18.2,,--,--
18,Joe Juneau,1992-93,BOS,C,84,32,70,102,23,33,1.21,9,37,0,0,3,1,229,14.0,,--,--
19,Brett Hull,1992-93,STL,R,80,54,47,101,-27,41,1.26,29,58,0,0,2,0,390,13.8,,--,--
20,Theo Fleury,1992-93,CGY,R,83,34,66,100,14,88,1.20,12,33,2,3,4,1,250,13.6,,--,--
21,Ron Francis,1992-93,PIT,C,84,24,76,100,6,68,1.19,9,50,2,9,4,0,215,11.2,,--,--
22,Dave Andreychuk,1992-93,"BUF, TOR",L,83,54,45,99,4,56,1.19,32,54,0,0,4,0,310,17.4,,--,--
23,Dino Ciccarelli,1992-93,DET,R,82,41,56,97,12,81,1.18,21,44,0,0,8,0,200,20.5,,--,--
24,Vincent Damphousse,1992-93,MTL,C,84,39,58,97,5,98,1.15,9,33,3,3,8,2,287,13.6,,--,--
25,Phil Housley,1992-93,WIN,D,80,18,79,97,-14,52,1.21,6,56,0,0,2,0,249,7.2,,--,--
26,Dale Hawerchuk,1992-93,BUF,C,81,16,80,96,-17,52,1.19,8,52,0,0,2,0,259,6.2,,--,--
27,Brendan Shanahan,1992-93,STL,L,71,51,43,94,10,174,1.32,18,37,0,0,8,1,232,22.0,,--,--
28,Kirk Muller,1992-93,MTL,L,80,37,57,94,8,77,1.18,12,33,0,1,4,0,231,16.0,,--,--
29,Jaromir Jagr,1992-93,PIT,R,81,34,60,94,30,61,1.16,10,22,1,1,9,2,242,14.0,,--,--
30,Mike Modano,1992-93,MNS,C,82,33,60,93,-7,83,1.13,9,36,0,0,7,0,307,10.7,,--,--
31,Mark Messier,1992-93,NYR,C,75,25,66,91,-6,72,1.21,7,30,2,4,2,0,215,11.6,,--,--
32,Geoff Sanderson,1992-93,HFD,L,82,46,43,89,-21,28,1.09,21,41,2,3,4,0,271,17.0,,--,--
33,Brian Bellows,1992-93,MTL,L,82,40,48,88,4,44,1.07,16,35,0,0,5,1,260,15.4,,--,--
34,Robert Reichel,1992-93,CGY,C,80,40,48,88,25,54,1.10,12,28,0,0,5,0,238,16.8,,--,--
35,Steve Thomas,1992-93,NYI,R,79,37,50,87,3,111,1.10,12,38,0,0,7,0,264,14.0,,--,--
36,Sergei Fedorov,1992-93,DET,C,73,34,53,87,33,72,1.19,13,31,4,9,3,1,217,15.7,,--,--
37,Jari Kurri,1992-93,LAK,R,82,27,60,87,19,38,1.06,12,31,2,3,3,0,210,12.8,,--,--
38,Paul Coffey,1992-93,"LAK, DET",D,80,12,75,87,16,77,1.09,5,51,0,0,0,0,254,4.7,,--,--
39,Brian Bradley,1992-93,TBL,C,80,42,44,86,-24,92,1.07,16,35,0,1,6,0,205,20.5,,--,--
40,Rod Brind'Amour,1992-93,PHI,C,81,37,49,86,-8,89,1.06,13,30,4,6,4,0,206,18.0,,--,--
41,Peter Bondra,1992-93,WSH,R,83,37,48,85,8,70,1.02,10,26,0,0,7,0,239,15.5,,--,--
42,Cliff Ronning,1992-93,VAN,C,79,29,56,85,19,30,1.08,10,28,0,0,2,0,209,13.9,,--,--
43,Larry Murphy,1992-93,PIT,D,83,22,63,85,45,73,1.02,6,42,2,2,2,0,230,9.6,,--,--
44,Andrew Cassels,1992-93,HFD,C,84,21,64,85,-11,62,1.01,8,38,3,7,1,0,134,15.7,,--,--
45,Pat Verbeek,1992-93,HFD,R,84,39,43,82,-7,197,0.98,16,31,0,0,6,0,235,16.6,,--,--
46,Tony Granato,1992-93,LAK,R,81,37,45,82,-1,171,1.01,14,27,2,5,6,0,247,15.0,,--,--
47,Mike Ridley,1992-93,WSH,C,84,26,56,82,5,44,0.98,6,30,2,4,3,1,148,17.6,,--,--
48,Steve Duchesne,1992-93,QUE,D,82,20,62,82,15,57,1.00,8,45,0,0,2,0,227,8.8,,--,--
49,Ray Bourque,1992-93,BOS,D,78,19,63,82,38,40,1.05,8,41,0,5,7,1,330,5.8,,--,--
50,Claude Lemieux,1992-93,NJD,R,77,30,51,81,3,155,1.05,13,35,0,0,3,0,311,9.6,,--,--
51,Gary Suter,1992-93,CGY,D,81,23,58,81,-1,112,1.00,10,44,1,2,2,0,263,8.7,,--,--
52,Stephan Lebeau,1992-93,MTL,C,71,31,49,80,23,20,1.13,8,19,0,0,7,0,150,20.7,,--,--
53,Gary Roberts,1992-93,CGY,L,58,38,41,79,32,172,1.36,8,17,3,3,4,2,166,22.9,,--,--
54,Alexander Semak,1992-93,NJD,C,82,37,42,79,24,70,0.96,4,14,1,4,6,0,217,17.1,,--,--
55,Russ Courtnall,1992-93,MNS,R,84,36,43,79,1,49,0.94,14,28,2,3,3,0,294,12.2,,--,--
56,Kevin Hatcher,1992-93,WSH,D,83,34,45,79,-7,114,0.95,13,33,1,1,6,0,329,10.3,,--,--
57,Dale Hunter,1992-93,WSH,C,84,20,59,79,3,198,0.94,10,32,0,0,2,0,120,16.7,,--,--
58,Mike Ricci,1992-93,QUE,C,77,27,51,78,8,123,1.01,12,35,1,4,10,0,142,19.0,,--,--
59,Kelly Kisio,1992-93,SJS,C,78,26,52,78,-15,90,1.00,9,34,2,3,2,1,152,17.1,,--,--
60,Jeff Brown,1992-93,STL,D,71,25,53,78,-6,58,1.10,12,46,2,4,3,0,220,11.4,,--,--
61,Owen Nolan,1992-93,QUE,R,73,36,41,77,-1,185,1.05,15,30,0,0,4,1,241,14.9,,--,--
62,Geoff Courtnall,1992-93,VAN,L,84,31,46,77,27,167,0.92,9,20,0,0,11,1,214,14.5,,--,--
63,Murray Craven,1992-93,"HFD, VAN",L,77,25,52,77,-1,32,1.00,6,28,3,6,2,2,151,16.6,,--,--
64,Derek King,1992-93,NYI,L,77,38,38,76,-4,47,0.99,21,43,0,0,7,1,201,18.9,,--,--
65,Dave Gagner,1992-93,MNS,C,84,33,43,76,-13,143,0.90,17,38,0,0,5,0,230,14.3,,--,--
66,Tony Amonte,1992-93,NYR,R,83,33,43,76,0,49,0.92,13,24,0,0,4,0,270,12.2,,--,--
67,Eric Lindros,1992-93,PHI,C,61,41,34,75,28,147,1.23,8,18,1,1,5,0,180,22.8,,--,--
68,Joe Nieuwendyk,1992-93,CGY,C,79,38,37,75,9,52,0.95,14,27,0,0,6,0,208,18.3,,--,--
69,Benoit Hogue,1992-93,NYI,L,70,33,42,75,13,108,1.07,5,12,3,6,5,0,147,22.4,,--,--
70,Ulf Dahlen,1992-93,MNS,R,83,35,39,74,-20,6,0.89,13,34,0,0,6,0,223,15.7,,--,--
71,Nikolai Borschevsky,1992-93,TOR,R,78,34,40,74,33,28,0.95,12,30,0,0,4,0,204,16.7,,--,--
72,Michal Pivonka,1992-93,WSH,C,69,21,53,74,14,66,1.07,6,30,1,1,5,1,147,14.3,,--,--
73,Stephane Richer,1992-93,NJD,R,78,38,35,73,-1,44,0.94,7,19,1,1,7,2,286,13.3,,--,--
74,Jimmy Carson,1992-93,"DET, LAK",C,86,37,36,73,-2,32,0.85,17,30,0,0,5,0,189,19.6,,--,--
75,Nelson Emerson,1992-93,STL,R,82,22,51,73,2,62,0.89,5,39,2,2,4,0,196,11.2,,--,--
76,Chris Chelios,1992-93,CHI,D,84,15,58,73,14,282,0.87,8,47,0,4,2,0,290,5.2,,--,--
77,Trevor Linden,1992-93,VAN,C,84,33,39,72,19,64,0.86,8,15,0,0,3,0,209,15.8,,--,--
78,Dimitri Kvartalnov,1992-93,BOS,L,73,30,42,72,9,16,0.99,11,29,0,0,4,0,226,13.3,,--,--
79,Alexei Zhamnov,1992-93,WIN,C,68,25,47,72,7,58,1.06,6,22,1,1,4,0,163,15.3,,--,--
80,Thomas Steen,1992-93,WIN,C,80,22,50,72,-8,75,0.90,6,31,0,0,6,1,150,14.7,,--,--
81,Petr Nedved,1992-93,VAN,C,84,38,33,71,20,96,0.85,2,15,1,1,3,0,149,25.5,,--,--
82,Steve Larmer,1992-93,CHI,R,84,35,35,70,23,48,0.83,14,26,4,7,6,0,228,15.3,,--,--
83,Joe Mullen,1992-93,PIT,R,72,33,37,70,19,14,0.97,9,18,3,4,3,0,175,18.9,,--,--
84,Mike Donnelly,1992-93,LAK,L,84,29,40,69,17,45,0.82,8,19,1,1,2,0,244,11.9,,--,--
85,Mike Gartner,1992-93,NYR,R,84,45,23,68,-4,59,0.81,13,21,0,0,3,0,323,13.9,,--,--
86,Andrei Kovalenko,1992-93,QUE,R,81,27,41,68,13,57,0.84,8,14,1,2,4,1,153,17.6,,--,--
87,Ray Sheppard,1992-93,DET,R,70,32,34,66,7,29,0.94,10,28,0,0,1,0,183,17.5,,--,--
88,Dmitri Khristich,1992-93,WSH,R,64,31,35,66,29,28,1.03,9,18,1,2,1,0,127,24.4,,--,--
89,Al Iafrate,1992-93,WSH,D,81,25,41,66,15,169,0.81,11,30,1,2,4,0,289,8.6,,--,--
90,Johan Garpenlov,1992-93,SJS,L,79,22,44,66,-26,56,0.84,14,25,0,1,1,1,171,12.9,,--,--
91,Adam Graves,1992-93,NYR,L,84,36,29,65,-4,148,0.77,12,14,1,3,6,0,275,13.1,,--,--
92,Glenn Anderson,1992-93,TOR,R,76,22,43,65,19,117,0.86,11,29,0,0,3,0,161,13.7,,--,--
93,Wayne Gretzky,1992-93,LAK,C,45,16,49,65,6,6,1.44,0,24,2,3,1,0,141,11.3,,--,--
94,Zarley Zalapski,1992-93,HFD,D,83,14,51,65,-34,94,0.78,8,39,1,5,0,0,192,7.3,,--,--
95,Valeri Zelepukin,1992-93,NJD,L,78,23,41,64,19,70,0.82,5,14,1,1,2,0,174,13.2,,--,--
96,Kevin Dineen,1992-93,PHI,R,83,35,28,63,14,201,0.76,6,12,3,7,7,1,241,14.5,,--,--
97,Norm MacIver,1992-93,OTT,D,80,17,46,63,-46,84,0.79,7,35,1,1,2,0,184,9.2,,--,--
98,Paul Ysebaert,1992-93,DET,L,80,34,28,62,19,42,0.78,3,8,3,4,8,0,186,18.3,,--,--
99,Garry Galley,1992-93,PHI,D,83,13,49,62,18,115,0.75,4,25,1,4,3,0,231,5.6,,--,--
100,Steve Chiasson,1992-93,DET,D,79,12,50,62,14,155,0.78,6,33,0,2,1,0,227,5.3,,--,--
101,Shawn McEachern,1992-93,PIT,L,84,28,33,61,21,46,0.73,7,14,0,1,6,0,196,14.3,,--,--
102,Scott Young,1992-93,QUE,R,82,30,30,60,5,20,0.73,9,26,6,6,5,1,225,13.3,,--,--
103,Darrin Shannon,1992-93,WIN,L,84,20,40,60,-4,91,0.71,12,21,0,1,2,0,116,17.2,,--,--
104,Mike Keane,1992-93,MTL,R,77,15,45,60,29,95,0.78,0,2,0,1,1,0,120,12.5,,--,--
105,Bernie Nicholls,1992-93,"EDM, NJD",C,69,13,47,60,-13,80,0.87,5,26,0,0,1,0,132,9.8,,--,--
106,Patrick Flatley,1992-93,NYI,R,80,13,47,60,5,63,0.75,1,10,2,3,1,0,139,9.3,,--,--
107,Brent Fedyk,1992-93,PHI,L,74,21,38,59,14,48,0.80,4,13,1,2,2,0,167,12.6,,--,--
108,Rob Blake,1992-93,LAK,D,76,16,43,59,18,152,0.78,10,32,0,2,4,0,243,6.6,,--,--
109,Pat Elynuik,1992-93,WSH,R,80,22,35,57,3,66,0.71,8,18,0,1,1,0,121,18.2,,--,--
110,Sergei Makarov,1992-93,CGY,R,71,18,39,57,0,40,0.80,5,16,0,0,3,0,105,17.1,,--,--
111,Fredrik Olausson,1992-93,WIN,D,68,16,41,57,-4,22,0.84,11,38,0,0,3,0,165,9.7,,--,--
112,Scott Stevens,1992-93,NJD,D,81,12,45,57,14,120,0.70,8,21,0,0,1,0,146,8.2,,--,--
113,Steve Smith,1992-93,CHI,D,78,10,47,57,12,214,0.73,7,38,1,2,2,0,212,4.7,,--,--
114,Greg Adams,1992-93,VAN,L,53,25,31,56,31,14,1.06,6,15,1,4,3,0,124,20.2,,--,--
115,John Tucker,1992-93,TBL,R,78,17,39,56,-12,69,0.72,5,18,1,1,1,1,179,9.5,,--,--
116,Sergei Nemchinov,1992-93,NYR,L,81,23,31,54,15,34,0.67,0,2,1,2,3,0,144,16.0,,--,--
117,Brent Sutter,1992-93,CHI,C,65,20,34,54,10,67,0.83,8,24,2,4,3,0,151,13.2,,--,--
118,Christian Ruuttu,1992-93,CHI,C,84,17,37,54,14,134,0.64,3,12,1,1,6,0,187,9.1,,--,--
119,Bruce Driver,1992-93,NJD,D,83,14,40,54,-10,66,0.65,6,24,0,1,0,0,177,7.9,,--,--
120,Al MacInnis,1992-93,CGY,D,50,11,43,54,15,61,1.08,7,34,0,2,4,0,201,5.5,,--,--
121,Doug Bodger,1992-93,BUF,D,81,9,45,54,14,87,0.67,6,26,0,1,0,0,154,5.8,,--,--
122,Darren Turcotte,1992-93,NYR,C,71,25,28,53,-3,40,0.75,7,21,3,3,3,1,213,11.7,,--,--
123,Terry Yake,1992-93,HFD,C,66,22,31,53,3,46,0.80,4,14,1,3,2,0,98,22.4,,--,--
124,Tomas Sandstrom,1992-93,LAK,R,39,25,27,52,12,57,1.33,8,16,0,0,3,2,134,18.6,,--,--
125,Dixon Ward,1992-93,VAN,L,70,22,30,52,34,82,0.74,4,9,1,3,0,0,111,19.8,,--,--
126,Joel Otto,1992-93,CGY,C,75,19,33,52,2,150,0.69,6,16,1,1,4,1,115,16.5,,--,--
127,Vladimir Malakhov,1992-93,NYI,D,64,14,38,52,14,59,0.81,7,22,0,0,0,0,178,7.9,,--,--
128,Keith Tkachuk,1992-93,WIN,L,83,28,23,51,-13,201,0.61,12,18,0,0,2,0,199,14.1,,--,--
129,Chris Kontos,1992-93,TBL,C,66,27,24,51,-7,12,0.77,12,20,1,1,3,0,136,19.9,,--,--
130,Stephen Leach,1992-93,BOS,R,79,26,25,51,-6,126,0.65,9,17,0,0,4,0,256,10.2,,--,--
131,Patrick Poulin,1992-93,HFD,L,81,20,31,51,-19,37,0.63,4,10,0,0,2,0,160,12.5,,--,--
132,Sylvain Cote,1992-93,WSH,D,77,21,29,50,28,34,0.65,8,17,2,3,3,0,206,10.2,,--,--
133,John Cullen,1992-93,"HFD, TOR",C,66,18,32,50,-23,111,0.76,13,30,0,0,1,0,124,14.5,,--,--
134,Denis Savard,1992-93,MTL,C,63,16,34,50,1,90,0.79,4,15,1,4,2,0,99,16.2,,--,--
135,Jeff Norton,1992-93,NYI,D,66,12,38,50,-3,45,0.76,5,24,0,0,0,0,127,9.4,,--,--
136,Evgeny Davydov,1992-93,WIN,R,79,28,21,49,-2,66,0.62,7,13,0,0,2,0,176,15.9,,--,--
137,Kevin Miller,1992-93,"WSH, STL",C,82,24,25,49,2,100,0.60,8,11,3,5,4,0,163,14.7,,--,--
138,Eddie Olczyk,1992-93,"WIN, NYR",R,71,21,28,49,-2,52,0.69,2,14,0,0,1,0,190,11.1,,--,--
139,Dave Poulin,1992-93,BOS,C,84,16,33,49,29,62,0.58,0,2,5,9,0,0,112,14.3,,--,--
140,Anatoli Semenov,1992-93,"TBL, VAN",C,75,12,37,49,16,32,0.65,3,9,2,5,1,0,102,11.8,,--,--
141,Pelle Eklund,1992-93,PHI,C,55,11,38,49,12,16,0.89,4,11,0,2,0,0,82,13.4,,--,--
142,Petr Klima,1992-93,EDM,R,68,32,16,48,-15,100,0.71,13,22,0,0,2,0,175,18.3,,--,--
143,John MacLean,1992-93,NJD,R,80,24,24,48,-6,102,0.60,7,12,1,1,3,0,195,12.3,,--,--
144,Gilbert Dionne,1992-93,MTL,L,75,20,28,48,5,63,0.64,6,16,1,1,2,0,145,13.8,,--,--
145,Jamie Baker,1992-93,OTT,C,76,19,29,48,-20,54,0.63,10,24,0,0,2,0,160,11.9,,--,--
146,Martin Rucinsky,1992-93,QUE,L,77,18,30,48,16,51,0.62,4,13,0,0,1,0,133,13.5,,--,--
147,Doug Weight,1992-93,"NYR, EDM",C,78,17,31,48,2,65,0.62,3,14,0,0,1,0,125,13.6,,--,--
148,Alexei Zhitnik,1992-93,LAK,D,78,12,36,48,-3,80,0.62,5,19,0,0,2,0,136,8.8,,--,--
149,Bob Sweeney,1992-93,BUF,C,80,21,26,47,2,118,0.59,4,9,3,4,3,2,120,17.5,,--,--
150,Shayne Corson,1992-93,EDM,L,80,16,31,47,-19,209,0.59,9,19,2,4,1,0,164,9.8,,--,--
151,Craig Simpson,1992-93,EDM,L,60,24,22,46,-14,36,0.77,12,25,0,0,3,2,91,26.4,,--,--
152,Greg Hawgood,1992-93,"EDM, PHI",D,69,11,35,46,-8,74,0.67,7,24,0,0,1,0,138,8.0,,--,--
153,Kelly Miller,1992-93,WSH,L,84,18,27,45,-2,32,0.54,3,4,0,3,3,0,144,12.5,,--,--
154,Dave Manson,1992-93,EDM,D,83,15,30,45,-28,210,0.54,9,29,1,2,1,0,244,6.1,,--,--
155,Eric Desjardins,1992-93,MTL,D,82,13,32,45,20,98,0.55,7,20,0,2,1,0,163,8.0,,--,--
156,Calle Johansson,1992-93,WSH,D,77,7,38,45,3,56,0.58,6,26,0,0,0,0,133,5.3,,--,--
157,Michel Goulet,1992-93,CHI,L,63,23,21,44,10,43,0.70,10,20,0,0,5,1,125,18.4,,--,--
158,John LeClair,1992-93,MTL,L,72,19,25,44,11,33,0.61,2,3,0,0,2,0,139,13.7,,--,--
159,Dallas Drake,1992-93,DET,R,72,18,26,44,15,93,0.61,3,7,2,2,5,0,89,20.2,,--,--
160,Mathieu Schneider,1992-93,MTL,D,60,13,31,44,8,91,0.73,3,16,0,0,2,0,169,7.7,,--,--
161,Jyrki Lumme,1992-93,VAN,D,74,8,36,44,30,55,0.59,3,15,2,3,1,0,123,6.5,,--,--
162,Sylvain Turgeon,1992-93,OTT,L,72,25,18,43,-29,104,0.60,8,17,0,0,2,0,249,10.0,,--,--
163,Rob Gaudreau,1992-93,SJS,C,59,23,20,43,-18,18,0.73,5,18,2,2,1,0,191,12.0,,--,--
164,Paul Ranheim,1992-93,CGY,L,83,21,22,43,-4,26,0.52,3,4,4,6,1,0,179,11.7,,--,--
165,Randy Wood,1992-93,BUF,R,82,18,25,43,6,77,0.52,3,5,2,4,2,0,176,10.2,,--,--
166,Rob Zamuner,1992-93,TBL,L,84,15,28,43,-25,74,0.51,1,12,0,0,0,0,183,8.2,,--,--
167,Bob Probert,1992-93,DET,L,80,14,29,43,-9,292,0.54,6,14,0,0,3,0,128,10.9,,--,--
168,Todd Gill,1992-93,TOR,D,69,11,32,43,4,66,0.62,5,23,0,0,2,0,113,9.7,,--,--
169,Greg Paslawski,1992-93,"PHI, CGY",R,73,18,24,42,3,12,0.58,4,11,0,0,1,0,109,16.5,,--,--
170,Mark Tinordi,1992-93,MNS,D,69,15,27,42,-1,157,0.61,7,17,0,0,2,0,122,12.3,,--,--
171,Bob Kudelski,1992-93,"LAK, OTT",R,63,24,17,41,-25,30,0.65,12,17,0,0,3,0,137,17.5,,--,--
172,Vladimir Ruzicka,1992-93,BOS,C,60,19,22,41,-6,38,0.68,7,13,0,0,2,1,146,13.0,,--,--
173,Marty McSorley,1992-93,LAK,D,81,15,26,41,1,399,0.51,3,12,3,5,0,0,197,7.6,,--,--
174,Todd Elik,1992-93,"MNS, EDM",L,60,14,27,41,-4,56,0.68,4,10,0,0,1,0,104,13.5,,--,--
175,Nicklas Lidstrom,1992-93,DET,D,84,7,34,41,7,28,0.49,3,20,0,4,2,0,156,4.5,,--,--
176,Brad Shaw,1992-93,OTT,D,81,7,34,41,-47,34,0.51,4,26,0,1,0,0,166,4.2,,--,--
177,Mike McPhee,1992-93,MNS,L,84,18,22,40,-2,44,0.48,1,5,2,3,2,0,161,11.2,,--,--
178,Peter Stastny,1992-93,NJD,C,62,17,23,40,-5,22,0.65,7,18,0,0,3,0,106,16.0,,--,--
179,Esa Tikkanen,1992-93,"EDM, NYR",L,81,16,24,40,-24,94,0.49,2,7,4,5,3,0,202,7.9,,--,--
180,Scott Niedermayer,1992-93,NJD,D,80,11,29,40,8,47,0.50,5,19,0,0,0,0,131,8.4,,--,--
181,Yves Racine,1992-93,DET,D,80,9,31,40,10,80,0.50,5,15,0,0,0,0,163,5.5,,--,--
182,Dave Ellett,1992-93,TOR,D,70,6,34,40,19,46,0.57,4,29,0,0,1,0,186,3.2,,--,--
183,Corey Millen,1992-93,LAK,C,42,23,16,39,16,42,0.93,9,14,2,3,1,0,100,23.0,,--,--
184,Bobby Holik,1992-93,NJD,C,61,20,19,39,-6,76,0.64,7,14,0,0,4,1,180,11.1,,--,--
185,Yuri Khmylev,1992-93,BUF,L,68,20,19,39,6,28,0.57,0,5,3,4,3,1,122,16.4,,--,--
186,Adam Creighton,1992-93,TBL,C,83,19,20,39,-19,110,0.47,7,10,1,2,0,0,168,11.3,,--,--
187,Mike Krushelnyski,1992-93,TOR,C,84,19,20,39,3,62,0.46,6,11,2,3,3,0,130,14.6,,--,--
188,Wendel Clark,1992-93,TOR,L,66,17,22,39,2,193,0.59,2,9,0,0,5,0,146,11.6,,--,--
189,Shawn Chambers,1992-93,TBL,D,55,10,29,39,-21,36,0.71,5,23,0,1,1,0,152,6.6,,--,--
190,Alex Kovalev,1992-93,NYR,R,65,20,18,38,-10,79,0.58,3,8,0,0,3,0,134,14.9,,--,--
191,Sergio Momesso,1992-93,VAN,L,84,18,20,38,11,200,0.45,4,8,0,0,1,0,146,12.3,,--,--
192,Mike Craig,1992-93,MNS,R,70,15,23,38,-11,106,0.54,7,18,0,0,0,0,131,11.5,,--,--
193,Doug Crossman,1992-93,"TBL, STL",D,59,10,28,38,-7,28,0.64,4,22,0,1,1,1,78,12.8,,--,--
194,Uwe Krupp,1992-93,NYI,D,80,9,29,38,6,67,0.47,2,17,0,1,2,0,116,7.8,,--,--
195,Tom Kurvers,1992-93,NYI,D,52,8,30,38,9,38,0.73,3,20,0,0,0,0,128,6.3,,--,--
196,Robert Pearson,1992-93,TOR,R,78,23,14,37,-2,211,0.47,8,11,0,0,3,0,164,14.0,,--,--
197,Dirk Graham,1992-93,CHI,R,84,20,17,37,0,139,0.44,1,1,2,2,5,0,187,10.7,,--,--
198,Valeri Kamensky,1992-93,QUE,L,32,15,22,37,13,14,1.16,2,7,3,5,0,0,94,16.0,,--,--
199,Teppo Numminen,1992-93,WIN,D,66,7,30,37,4,33,0.56,3,10,1,1,0,0,103,6.8,,--,--
200,Dave Reid,1992-93,BOS,L,65,20,16,36,12,10,0.55,1,2,5,8,2,0,116,17.2,,--,--
201,Zdeno Ciger,1992-93,"NJD, EDM",L,64,13,23,36,-13,8,0.56,2,11,0,3,2,1,106,12.3,,--,--
202,Bob Beers,1992-93,TBL,D,64,12,24,36,-25,70,0.56,7,23,0,1,0,0,138,8.7,,--,--
203,Claude Lapointe,1992-93,QUE,C,74,10,26,36,5,98,0.49,0,1,0,0,1,0,91,11.0,,--,--
204,Eric Weinrich,1992-93,HFD,D,79,7,29,36,-11,76,0.46,0,8,2,3,2,0,104,6.7,,--,--
205,Tommy Sjodin,1992-93,MNS,D,77,7,29,36,-25,30,0.47,5,28,0,0,1,0,175,4.0,,--,--
206,Brian Leetch,1992-93,NYR,D,36,6,30,36,2,26,1.00,2,24,1,1,1,0,150,4.0,,--,--
207,Ted Donato,1992-93,BOS,L,82,15,20,35,2,61,0.43,3,14,2,2,5,1,118,12.7,,--,--
208,Luciano Borsato,1992-93,WIN,C,67,15,20,35,-1,38,0.52,1,1,1,2,3,0,101,14.8,,--,--
209,Peter Zezel,1992-93,TOR,C,70,12,23,35,0,24,0.50,0,3,0,0,4,1,102,11.8,,--,--
210,Shawn Burr,1992-93,DET,L,80,10,25,35,18,74,0.44,1,1,1,7,2,0,99,10.1,,--,--
211,Bill Guerin,1992-93,NJD,R,65,14,20,34,14,63,0.52,0,1,0,0,2,0,123,11.4,,--,--
212,Jody Hull,1992-93,OTT,R,69,13,21,34,-24,14,0.49,5,13,1,1,0,0,134,9.7,,--,--
213,Brian Benning,1992-93,"PHI, EDM",D,55,10,24,34,-1,152,0.62,6,20,0,1,0,0,115,8.7,,--,--
214,Don Sweeney,1992-93,BOS,D,84,7,27,34,34,68,0.40,0,0,1,1,0,0,107,6.5,,--,--
215,Mark Howe,1992-93,DET,D,60,3,31,34,22,22,0.57,3,20,0,0,0,0,72,4.2,,--,--
216,Stephane Matteau,1992-93,CHI,L,79,15,18,33,6,98,0.42,2,4,0,1,4,0,95,15.8,,--,--
217,Josef Beranek,1992-93,"EDM, PHI",L,66,15,18,33,-8,78,0.50,1,5,0,0,0,0,130,11.5,,--,--
218,Neal Broten,1992-93,MNS,C,82,12,21,33,7,22,0.40,0,1,3,4,3,0,123,9.8,,--,--
219,Michael Nylander,1992-93,HFD,C,59,11,22,33,-7,36,0.56,3,7,0,0,1,0,85,12.9,,--,--
220,Glen Wesley,1992-93,BOS,D,64,8,25,33,-2,47,0.52,4,20,1,2,0,0,183,4.4,,--,--
221,Brian Mullen,1992-93,NYI,R,81,18,14,32,5,28,0.40,1,2,0,1,1,0,126,14.3,,--,--
222,Keith Primeau,1992-93,DET,C,73,15,17,32,-6,152,0.44,4,8,1,1,2,0,75,20.0,,--,--
223,Gary Leeman,1992-93,"CGY, MTL",R,50,15,17,32,14,24,0.64,1,5,0,0,3,0,85,17.6,,--,--
224,Brad Dalgarno,1992-93,NYI,R,57,15,17,32,17,62,0.56,2,3,0,0,2,0,62,24.2,,--,--
225,Scott Mellanby,1992-93,EDM,R,69,15,17,32,-4,147,0.46,6,9,0,0,3,0,114,13.2,,--,--
226,Wayne Presley,1992-93,BUF,R,79,15,17,32,5,96,0.41,0,2,1,4,2,0,97,15.5,,--,--
227,Greg Gilbert,1992-93,CHI,L,77,13,19,32,5,57,0.42,0,2,1,1,2,0,72,18.1,,--,--
228,Curtis Leschyshyn,1992-93,QUE,D,82,9,23,32,25,61,0.39,4,8,0,0,2,0,73,12.3,,--,--
229,Dmitry Yushkevich,1992-93,PHI,D,82,5,27,32,12,71,0.39,1,2,0,0,1,1,155,3.2,,--,--
230,Steve Heinze,1992-93,BOS,R,73,18,13,31,20,24,0.42,0,0,2,4,4,0,146,12.3,,--,--
231,Dean Evason,1992-93,SJS,C,84,12,19,31,-35,132,0.37,3,5,0,1,1,0,107,11.2,,--,--
232,Patrice Brisebois,1992-93,MTL,D,70,10,21,31,6,79,0.44,4,12,0,0,2,0,123,8.1,,--,--
233,Jocelyn Lemieux,1992-93,CHI,R,81,10,21,31,5,111,0.38,1,2,0,0,2,0,117,8.5,,--,--
234,Marc Bureau,1992-93,TBL,C,63,10,21,31,-12,111,0.49,1,6,2,3,1,0,132,7.6,,--,--
235,Sergei Zubov,1992-93,NYR,D,49,8,23,31,-1,4,0.63,3,12,0,0,0,0,93,8.6,,--,--
236,Dmitri Mironov,1992-93,TOR,D,59,7,24,31,-1,40,0.53,4,14,0,0,1,0,105,6.7,,--,--
237,Richard Smehlik,1992-93,BUF,D,80,4,27,31,9,59,0.39,0,1,0,2,0,0,82,4.9,,--,--
238,Sheldon Kennedy,1992-93,DET,R,68,19,11,30,-1,46,0.44,1,1,0,0,2,1,110,17.3,,--,--
239,Brian Noonan,1992-93,CHI,R,63,16,14,30,3,82,0.48,5,9,0,0,3,0,129,12.4,,--,--
240,Kelly Buchberger,1992-93,EDM,R,83,12,18,30,-27,133,0.36,1,1,2,7,3,1,92,13.0,,--,--
241,Marty McInnis,1992-93,NYI,L,56,10,20,30,7,24,0.54,0,2,1,1,0,0,60,16.7,,--,--
242,Gerard Gallant,1992-93,DET,L,67,10,20,30,20,188,0.45,0,1,0,0,0,0,81,12.3,,--,--
243,Craig MacTavish,1992-93,EDM,C,82,10,20,30,-16,110,0.37,0,2,3,5,3,1,101,9.9,,--,--
244,Mike Hough,1992-93,QUE,L,77,8,22,30,-11,69,0.39,2,4,1,1,2,0,98,8.2,,--,--
245,Alexei Gusarov,1992-93,QUE,D,79,8,22,30,18,57,0.38,0,1,2,5,1,0,60,13.3,,--,--
246,Gaetan Duchesne,1992-93,MNS,L,84,16,13,29,6,30,0.35,0,0,2,3,3,0,134,11.9,,--,--
247,Mark Janssens,1992-93,HFD,C,76,12,17,29,-15,237,0.38,0,0,0,0,1,1,63,19.0,,--,--
248,Darryl Sydor,1992-93,LAK,D,80,6,23,29,-2,63,0.36,0,7,0,1,1,0,112,5.3,,--,--
249,Ulf Samuelsson,1992-93,PIT,D,77,3,26,29,36,249,0.38,0,7,0,2,1,1,96,3.1,,--,--
250,Pat Falloon,1992-93,SJS,R,41,14,14,28,-25,12,0.68,5,11,1,3,1,0,131,10.7,,--,--
251,Bobby Carpenter,1992-93,WSH,C,68,11,17,28,-16,65,0.41,2,4,0,1,0,0,141,7.8,,--,--
252,Jim Sandlak,1992-93,VAN,R,59,10,18,28,2,122,0.47,1,6,0,1,1,0,104,9.6,,--,--
253,Nick Kypreos,1992-93,HFD,L,75,17,10,27,-5,325,0.36,0,0,0,0,2,0,81,21.0,,--,--
254,Mikael Andersson,1992-93,TBL,R,77,16,11,27,-14,14,0.35,3,4,2,4,4,1,169,9.5,,--,--
255,Ray Ferraro,1992-93,NYI,C,46,14,13,27,0,40,0.59,3,4,0,0,1,0,72,19.4,,--,--
256,Robert Kron,1992-93,"VAN, HFD",C,45,14,13,27,5,18,0.60,4,4,2,2,2,0,97,14.4,,--,--
257,Rich Sutter,1992-93,STL,R,84,13,14,27,-4,100,0.32,0,0,2,5,1,0,148,8.8,,--,--
258,Jeff Odgers,1992-93,SJS,R,66,12,15,27,-26,253,0.41,6,9,0,0,0,0,100,12.0,,--,--
259,Ron Sutter,1992-93,STL,C,59,12,15,27,-11,99,0.46,4,9,0,0,3,0,90,13.3,,--,--
260,Danton Cole,1992-93,TBL,R,67,12,15,27,-2,23,0.40,0,0,1,1,1,0,100,12.0,,--,--
261,Igor Kravchuk,1992-93,"CHI, EDM",D,55,10,17,27,3,32,0.49,4,9,0,1,0,0,143,7.0,,--,--
262,Tom Fitzgerald,1992-93,NYI,R,77,9,18,27,-2,34,0.35,0,0,3,5,1,0,83,10.8,,--,--
263,Adrian Plavsic,1992-93,VAN,D,57,6,21,27,28,53,0.47,5,14,0,1,2,0,62,9.7,,--,--
264,Igor Korolev,1992-93,STL,C,74,4,23,27,-1,20,0.36,2,5,0,0,0,0,76,5.3,,--,--
265,Viacheslav Fetisov,1992-93,NJD,D,76,4,23,27,7,158,0.36,1,5,1,2,0,0,63,6.3,,--,--
266,Charlie Huddy,1992-93,LAK,D,82,2,25,27,16,64,0.33,0,3,0,2,1,0,106,1.9,,--,--
267,Brad May,1992-93,BUF,L,82,13,13,26,3,242,0.32,0,1,0,0,1,1,114,11.4,,--,--
268,Keith Jones,1992-93,WSH,R,71,12,14,26,18,124,0.37,0,3,0,0,3,0,73,16.4,,--,--
269,Mark Osborne,1992-93,TOR,L,76,12,14,26,-7,89,0.34,0,1,2,3,2,0,110,10.9,,--,--
270,Mike Eagles,1992-93,WIN,L,84,8,18,26,-1,131,0.31,1,1,0,0,1,0,67,11.9,,--,--
271,Mark Lamb,1992-93,OTT,C,71,7,19,26,-40,64,0.37,1,3,0,0,0,0,123,5.7,,--,--
272,James Patrick,1992-93,NYR,D,60,5,21,26,1,61,0.43,3,15,0,0,0,0,99,5.1,,--,--
273,Jiri Slegr,1992-93,VAN,D,41,4,22,26,16,109,0.63,2,10,0,0,0,0,89,4.5,,--,--
274,Petr Svoboda,1992-93,BUF,D,40,2,24,26,3,59,0.65,1,15,0,1,1,0,61,3.3,,--,--
275,Mike Peluso,1992-93,OTT,L,81,15,10,25,-35,318,0.31,2,3,0,0,1,0,93,16.1,,--,--
276,Kevin Haller,1992-93,MTL,D,73,11,14,25,7,117,0.34,6,14,0,0,1,0,126,8.7,,--,--
277,Benoit Brunet,1992-93,MTL,L,47,10,15,25,13,19,0.53,0,1,0,0,1,0,71,14.1,,--,--
278,Ronnie Stern,1992-93,CGY,R,70,10,15,25,4,207,0.36,0,0,0,0,1,0,82,12.2,,--,--
279,Travis Green,1992-93,NYI,C,61,7,18,25,4,43,0.41,1,2,0,0,0,0,115,6.1,,--,--
280,Dave Tippett,1992-93,PIT,L,74,6,19,25,5,56,0.34,0,0,1,3,1,0,64,9.4,,--,--
281,Doug Lidster,1992-93,VAN,D,71,6,19,25,9,36,0.35,3,6,0,0,0,0,76,7.9,,--,--
282,Bill Berg,1992-93,"NYI, TOR",L,80,13,11,24,3,103,0.30,0,0,3,3,2,0,113,11.5,,--,--
283,Mark Freer,1992-93,OTT,C,63,10,14,24,-35,39,0.38,3,10,3,3,0,0,80,12.5,,--,--
284,David Shaw,1992-93,BOS,D,77,10,14,24,10,108,0.31,1,5,1,2,1,0,122,8.2,,--,--
285,Rob DiMaio,1992-93,TBL,R,54,9,15,24,0,62,0.44,2,3,0,0,0,0,75,12.0,,--,--
286,Gino Cavallini,1992-93,QUE,L,67,9,15,24,10,34,0.36,0,0,0,0,0,0,71,12.7,,--,--
287,Scott Lachance,1992-93,NYI,D,75,7,17,24,-1,67,0.32,0,2,1,3,2,0,62,11.3,,--,--
288,Neil Brady,1992-93,OTT,C,55,7,17,24,-25,57,0.44,5,11,0,0,0,0,68,10.3,,--,--
289,Martin Gelinas,1992-93,EDM,L,65,11,12,23,3,30,0.35,0,0,0,0,1,0,93,11.8,,--,--
290,Todd Krygier,1992-93,WSH,L,77,11,12,23,-13,60,0.30,0,0,2,2,0,0,133,8.3,,--,--
291,Brent Ashton,1992-93,"BOS, CGY",L,58,10,13,23,11,52,0.40,0,2,2,3,1,0,84,11.9,,--,--
292,Lonnie Loach,1992-93,"OTT, LAK",L,53,10,13,23,3,27,0.43,1,4,0,0,0,0,58,17.2,,--,--
293,Kevin Todd,1992-93,"NJD, EDM",C,55,9,14,23,-9,26,0.42,0,4,0,0,3,0,87,10.3,,--,--
294,Keith Acton,1992-93,PHI,C,83,8,15,23,-10,51,0.28,0,0,0,1,0,0,74,10.8,,--,--
295,Sandis Ozolinsh,1992-93,SJS,D,37,7,16,23,-9,40,0.62,2,10,0,0,0,0,83,8.4,,--,--
296,Andrew McBain,1992-93,OTT,R,59,7,16,23,-37,43,0.39,1,4,0,0,0,0,71,9.8,,--,--
297,Sergei Bautin,1992-93,WIN,D,71,5,18,23,-2,96,0.32,0,1,0,0,0,0,82,6.1,,--,--
298,Trent Klatt,1992-93,MNS,R,47,4,19,23,2,38,0.49,1,2,0,0,0,0,69,5.8,,--,--
299,Jim Johnson,1992-93,MNS,D,79,3,20,23,9,105,0.29,1,3,0,0,0,0,67,4.5,,--,--
300,Stu Barnes,1992-93,WIN,C,38,12,10,22,-3,10,0.58,3,4,0,0,3,0,73,16.4,,--,--
301,Randy McKay,1992-93,NJD,R,73,11,11,22,0,206,0.30,1,1,0,0,2,1,94,11.7,,--,--
302,Ken Sutton,1992-93,BUF,D,63,8,14,22,-3,30,0.35,1,1,0,0,2,0,77,10.4,,--,--
303,Vladimir Konstantinov,1992-93,DET,D,82,5,17,22,22,137,0.27,0,1,0,0,0,0,85,5.9,,--,--
304,Kerry Huffman,1992-93,QUE,D,52,4,18,22,0,54,0.42,3,11,0,0,0,0,86,4.7,,--,--
305,Brent Gilchrist,1992-93,"EDM, MNS",L,68,10,11,21,-12,49,0.31,2,4,0,2,0,0,106,9.4,,--,--
306,Scott Pellerin,1992-93,NJD,L,45,10,11,21,-1,41,0.47,1,1,2,2,0,0,60,16.7,,--,--
307,Chris Lindberg,1992-93,CGY,L,62,9,12,21,-3,18,0.34,1,1,0,2,1,0,74,12.2,,--,--
308,Doug Evans,1992-93,PHI,L,65,8,13,21,-9,70,0.32,0,0,0,1,1,0,60,13.3,,--,--
309,David Volek,1992-93,NYI,L,56,8,13,21,-1,34,0.38,2,3,0,0,1,0,118,6.8,,--,--
310,Roman Hamrlik,1992-93,TBL,D,67,6,15,21,-21,71,0.31,1,8,0,0,1,0,113,5.3,,--,--
311,Troy Loney,1992-93,PIT,L,82,5,16,21,1,99,0.26,0,2,0,0,1,0,83,6.0,,--,--
312,Shane Churla,1992-93,MNS,R,73,5,16,21,-8,286,0.29,1,4,0,0,1,0,61,8.2,,--,--
313,Mike Sillinger,1992-93,DET,C,51,4,17,21,0,16,0.41,0,0,0,0,0,0,47,8.5,,--,--
314,Darius Kasparaitis,1992-93,NYI,D,79,4,17,21,15,166,0.27,0,0,0,1,0,0,92,4.3,,--,--
315,Yvon Corriveau,1992-93,"SJS, HFD",L,57,8,12,20,-20,14,0.35,2,2,0,0,1,0,77,10.4,,--,--
316,Andrei Lomakin,1992-93,PHI,L,51,8,12,20,15,34,0.39,0,2,0,0,0,0,64,12.5,,--,--
317,Jim Hiller,1992-93,"LAK, DET",R,61,8,12,20,7,109,0.33,1,2,0,0,2,0,83,9.6,,--,--
318,Edward Courtenay,1992-93,SJS,R,39,7,13,20,-15,10,0.51,2,12,0,0,1,0,56,12.5,,--,--
319,Tom Pederson,1992-93,SJS,D,44,7,13,20,-16,31,0.45,2,12,0,0,2,1,102,6.9,,--,--
320,Steve Maltais,1992-93,TBL,L,63,7,13,20,-20,35,0.32,4,9,0,0,1,0,96,7.3,,--,--
321,Adam Burt,1992-93,HFD,D,65,6,14,20,-11,116,0.31,0,2,0,0,0,0,81,7.4,,--,--
322,Phil Bourque,1992-93,NYR,L,55,6,14,20,-9,39,0.36,0,3,0,0,2,1,71,8.5,,--,--
323,Gerald Diduck,1992-93,VAN,D,80,6,14,20,32,171,0.25,0,5,1,1,0,0,92,6.5,,--,--
324,John Druce,1992-93,WIN,R,50,6,14,20,-4,37,0.40,0,0,0,0,0,0,60,10.0,,--,--
325,Dave Hannan,1992-93,BUF,C,55,5,15,20,8,43,0.36,0,2,0,1,0,0,43,11.6,,--,--
326,Bryan Marchment,1992-93,CHI,D,78,5,15,20,15,313,0.26,1,3,0,0,1,0,75,6.7,,--,--
327,Roger Johansson,1992-93,CGY,D,77,4,16,20,13,62,0.26,1,4,0,1,0,0,101,4.0,,--,--
328,Doug Wilson,1992-93,SJS,D,42,3,17,20,-28,40,0.48,1,12,0,0,0,0,110,2.7,,--,--
329,Shjon Podein,1992-93,EDM,L,40,13,6,19,-2,25,0.47,2,3,1,1,1,0,64,20.3,,--,--
330,Donald Audette,1992-93,BUF,R,44,12,7,19,-8,51,0.43,2,2,0,0,0,0,92,13.0,,--,--
331,Bob Bassen,1992-93,STL,L,53,9,10,19,0,63,0.36,0,0,1,3,0,0,61,14.8,,--,--
332,Kris King,1992-93,"NYR, WIN",L,78,8,11,19,4,203,0.24,0,0,0,0,1,0,74,10.8,,--,--
333,Ron Wilson,1992-93,STL,C,78,8,11,19,-8,44,0.24,0,1,3,7,1,0,75,10.7,,--,--
334,Tom Chorske,1992-93,NJD,R,50,7,12,19,-1,25,0.38,0,0,0,0,1,0,63,11.1,,--,--
335,Frantisek Kucera,1992-93,CHI,D,71,5,14,19,7,59,0.27,1,7,0,0,1,0,117,4.3,,--,--
336,Jamie Macoun,1992-93,TOR,D,77,4,15,19,3,55,0.25,2,5,0,0,1,0,114,3.5,,--,--
337,Drake Berehowsky,1992-93,TOR,D,41,4,15,19,1,61,0.46,1,9,0,0,1,0,41,9.8,,--,--
338,Derian Hatcher,1992-93,MNS,D,67,4,15,19,-27,178,0.28,0,7,0,0,1,0,73,5.5,,--,--
339,Dave Babych,1992-93,VAN,D,43,3,16,19,6,44,0.44,3,9,0,0,0,0,78,3.8,,--,--
340,Terry Carkner,1992-93,PHI,D,83,3,16,19,18,150,0.23,0,2,0,0,0,0,45,6.7,,--,--
341,Jeff Beukeboom,1992-93,NYR,D,82,2,17,19,9,153,0.23,0,0,0,1,0,0,54,3.7,,--,--
342,Dave McLlwain,1992-93,TOR,C,66,14,4,18,-18,30,0.27,1,1,1,2,3,0,85,16.5,,--,--
343,Mike Foligno,1992-93,TOR,R,55,13,5,18,2,84,0.33,5,6,0,0,2,0,95,13.7,,--,--
344,Cam Neely,1992-93,BOS,R,13,11,7,18,4,25,1.38,6,7,0,0,1,0,45,24.4,,--,--
345,Stew Gavin,1992-93,MNS,R,63,10,8,18,-4,59,0.29,0,0,0,2,0,0,114,8.8,,--,--
346,Bob Errey,1992-93,"PIT, BUF",L,62,9,9,18,0,80,0.29,0,0,0,0,2,0,88,10.2,,--,--
347,Jean-Jacques Daigneault,1992-93,MTL,D,66,8,10,18,25,57,0.27,0,3,0,0,1,0,68,11.8,,--,--
348,Paul Cavallini,1992-93,"STL, WSH",D,82,6,12,18,6,56,0.22,1,2,0,0,0,0,99,6.1,,--,--
349,Rob Ramage,1992-93,"TBL, MTL",D,74,5,13,18,-24,146,0.24,5,13,0,0,0,0,131,3.8,,--,--
350,Dave Christian,1992-93,CHI,R,60,4,14,18,6,12,0.30,1,3,0,1,1,0,75,5.3,,--,--
351,Geoff Smith,1992-93,EDM,D,78,4,14,18,-11,30,0.23,0,2,1,2,0,0,67,6.0,,--,--
352,Jim Paek,1992-93,PIT,D,77,3,15,18,13,64,0.23,0,0,0,2,0,0,57,5.3,,--,--
353,Mark Pederson,1992-93,"PHI, SJS",L,41,10,7,17,-22,28,0.41,2,5,0,0,0,0,63,15.9,,--,--
354,Paul MacDermid,1992-93,WSH,R,72,9,8,17,-13,80,0.24,1,1,0,0,3,0,45,20.0,,--,--
355,Pat Conacher,1992-93,LAK,L,81,9,8,17,-16,20,0.21,0,3,2,2,1,0,65,13.8,,--,--
356,Joe Murphy,1992-93,CHI,R,19,7,10,17,-3,18,0.89,5,11,0,0,1,0,43,16.3,,--,--
357,Ric Nattress,1992-93,PHI,D,44,7,10,17,1,29,0.39,0,0,0,0,4,1,57,12.3,,--,--
358,Gord Murphy,1992-93,BOS,D,49,5,12,17,-13,62,0.35,3,7,0,0,2,0,68,7.3,,--,--
359,Gordie Roberts,1992-93,BOS,D,65,5,12,17,23,105,0.26,0,3,0,0,1,0,40,12.5,,--,--
360,Guy Carbonneau,1992-93,MTL,C,61,4,13,17,-9,20,0.28,0,0,1,3,0,0,73,5.5,,--,--
361,Paul Di Pietro,1992-93,MTL,C,29,4,13,17,11,14,0.59,0,3,0,0,0,0,43,9.3,,--,--
362,Gino Odjick,1992-93,VAN,L,75,4,13,17,3,370,0.23,0,1,0,0,1,0,79,5.1,,--,--
363,Alexei Kasatonov,1992-93,NJD,D,64,3,14,17,4,57,0.27,0,0,0,1,0,0,63,4.8,,--,--
364,Trent Yawney,1992-93,CGY,D,63,1,16,17,9,67,0.27,0,6,0,1,0,0,61,1.6,,--,--
365,Laurie Boschman,1992-93,OTT,C,70,9,7,16,-26,101,0.23,0,0,1,1,1,0,84,10.7,,--,--
366,John Carter,1992-93,SJS,L,55,7,9,16,-25,81,0.29,0,0,1,1,0,0,110,6.4,,--,--
367,Frantisek Musil,1992-93,CGY,D,80,6,10,16,28,131,0.20,0,1,0,1,1,0,87,6.9,,--,--
368,Alan May,1992-93,WSH,L,83,6,10,16,1,268,0.19,0,0,0,0,1,0,75,8.0,,--,--
369,Jan Erixon,1992-93,NYR,L,45,5,11,16,11,10,0.36,0,0,1,2,1,0,36,13.9,,--,--
370,Dana Murzyn,1992-93,VAN,D,79,5,11,16,34,196,0.20,0,0,0,2,2,0,82,6.1,,--,--
371,Adam Foote,1992-93,QUE,D,81,4,12,16,6,168,0.20,0,0,1,3,0,0,54,7.4,,--,--
372,Bryan Erickson,1992-93,WIN,C,41,4,12,16,2,14,0.39,2,5,0,0,1,0,45,8.9,,--,--
373,Paul Stanton,1992-93,PIT,D,77,4,12,16,7,97,0.21,2,5,0,0,1,0,106,3.8,,--,--
374,Brian Glynn,1992-93,EDM,D,64,4,12,16,-13,60,0.25,2,7,0,1,0,0,80,5.0,,--,--
375,Martin Straka,1992-93,PIT,C,42,3,13,16,2,29,0.38,0,2,0,0,1,0,28,10.7,,--,--
376,Darren Rumble,1992-93,OTT,D,69,3,13,16,-24,61,0.23,0,3,0,0,0,0,92,3.3,,--,--
377,Grant Ledyard,1992-93,BUF,D,50,2,14,16,-2,45,0.32,1,3,0,0,0,0,79,2.5,,--,--
378,Igor Ulanov,1992-93,WIN,D,56,2,14,16,6,124,0.29,0,0,0,1,0,0,26,7.7,,--,--
379,Viacheslav Butsayev,1992-93,PHI,C,52,2,14,16,3,61,0.31,0,0,0,0,0,0,58,3.4,,--,--
380,Lyle Odelein,1992-93,MTL,D,83,2,14,16,35,205,0.19,0,0,0,0,0,0,79,2.5,,--,--
381,Dave Archibald,1992-93,OTT,C,44,9,6,15,-16,32,0.34,6,6,0,0,0,0,93,9.7,,--,--
382,Dave Taylor,1992-93,LAK,R,48,6,9,15,1,49,0.31,1,1,0,1,1,0,53,11.3,,--,--
383,Doug Zmolek,1992-93,SJS,D,84,5,10,15,-50,229,0.18,2,5,0,0,0,0,94,5.3,,--,--
384,Garth Butcher,1992-93,STL,D,84,5,10,15,0,211,0.18,0,0,0,0,2,0,83,6.0,,--,--
385,Tie Domi,1992-93,"NYR, WIN",R,61,5,10,15,1,344,0.25,0,0,0,0,0,0,40,12.5,,--,--
386,Peter Andersson,1992-93,NYR,D,31,4,11,15,4,18,0.48,3,9,0,0,1,0,68,5.9,,--,--
387,Steve Konroyd,1992-93,"HFD, DET",D,65,3,12,15,-15,67,0.23,0,2,0,1,0,0,66,4.5,,--,--
388,Kevin Lowe,1992-93,NYR,D,49,3,12,15,-2,58,0.31,0,0,0,2,0,0,52,5.8,,--,--
389,Brad McCrimmon,1992-93,DET,D,60,1,14,15,21,71,0.25,1,6,0,0,0,0,53,1.9,,--,--
390,Rick Zombo,1992-93,STL,D,71,0,15,15,-2,78,0.21,0,0,0,2,0,0,43,0.0,,--,--
391,Scott Pearson,1992-93,QUE,L,41,13,1,14,3,95,0.34,0,0,0,0,1,0,45,28.9,,--,--
392,Grigori Panteleev,1992-93,BOS,L,39,8,6,14,-6,12,0.36,2,3,0,0,1,1,45,17.8,,--,--
393,Brian Skrudland,1992-93,"MTL, CGY",C,39,7,7,14,4,65,0.36,0,0,2,3,1,0,51,13.7,,--,--
394,C.J. Young,1992-93,"CGY, BOS",R,43,7,7,14,-6,32,0.33,1,1,0,0,1,0,43,16.3,,--,--
395,Mike Sullivan,1992-93,SJS,C,81,6,8,14,-42,30,0.17,0,0,2,5,0,0,95,6.3,,--,--
396,Dave Barr,1992-93,NJD,R,62,6,8,14,1,61,0.23,0,0,1,1,1,0,41,14.6,,--,--
397,Paul Broten,1992-93,NYR,R,60,5,9,14,-6,48,0.23,0,0,1,3,0,0,57,8.8,,--,--
398,Todd Ewen,1992-93,MTL,R,75,5,9,14,6,193,0.19,0,0,0,0,1,0,59,8.5,,--,--
399,Steven Finn,1992-93,QUE,D,80,5,9,14,-3,160,0.17,0,0,0,0,0,0,61,8.2,,--,--
400,Tom Fergus,1992-93,VAN,C,36,5,9,14,1,20,0.39,1,3,1,2,0,0,29,17.2,,--,--
401,Doug Smail,1992-93,OTT,L,51,4,10,14,-34,51,0.27,0,0,0,2,0,0,73,5.5,,--,--
402,Bob Rouse,1992-93,TOR,D,82,3,11,14,7,130,0.17,0,1,1,2,1,0,78,3.8,,--,--
403,Marc Bergevin,1992-93,TBL,D,78,2,12,14,-16,66,0.18,0,0,0,0,0,0,69,2.9,,--,--
404,Peter Taglianetti,1992-93,"TBL, PIT",D,72,2,12,14,12,184,0.19,0,0,0,3,0,0,78,2.6,,--,--
405,Sylvain Lefebvre,1992-93,TOR,D,81,2,12,14,8,90,0.17,0,1,0,0,0,0,81,2.5,,--,--
406,Mark Hardy,1992-93,"NYR, LAK",D,55,1,13,14,-2,89,0.25,0,1,0,0,0,0,48,2.1,,--,--
407,Michael Needham,1992-93,PIT,R,56,8,5,13,-1,14,0.23,0,1,0,0,2,0,49,16.3,,--,--
408,Tomas Jelinek,1992-93,OTT,R,49,7,6,13,-21,52,0.27,0,3,0,0,0,0,60,11.7,,--,--
409,Garry Valk,1992-93,VAN,L,48,6,7,13,6,77,0.27,0,0,0,1,2,0,46,13.0,,--,--
410,Warren Rychel,1992-93,LAK,L,70,6,7,13,-15,314,0.19,0,0,0,0,1,0,67,8.9,,--,--
411,Dave Lowry,1992-93,STL,L,58,5,8,13,-18,101,0.22,0,0,0,0,0,0,59,8.5,,--,--
412,Bill Lindsay,1992-93,QUE,L,44,4,9,13,0,16,0.30,0,0,0,0,0,0,58,6.9,,--,--
413,Janne Ojanen,1992-93,NJD,C,31,4,9,13,-2,14,0.42,1,6,0,0,1,0,44,9.1,,--,--
414,Mike Stapleton,1992-93,PIT,C,78,4,9,13,-8,10,0.17,0,3,1,1,1,0,78,5.1,,--,--
415,Ryan McGill,1992-93,PHI,D,72,3,10,13,9,238,0.18,0,0,0,1,0,0,68,4.4,,--,--
416,Luke Richardson,1992-93,EDM,D,82,3,10,13,-18,142,0.16,0,1,2,4,0,0,78,3.8,,--,--
417,Mike Ramsey,1992-93,"BUF, PIT",D,45,3,10,13,17,28,0.29,0,0,0,0,0,0,35,8.6,,--,--
418,Joe Reekie,1992-93,TBL,D,42,2,11,13,2,69,0.31,0,2,0,0,0,0,53,3.8,,--,--
419,Ken Daneyko,1992-93,NJD,D,84,2,11,13,4,236,0.15,0,0,0,0,0,0,71,2.8,,--,--
420,Steven King,1992-93,NYR,R,24,7,5,12,4,16,0.50,5,7,0,0,2,0,42,16.7,,--,--
421,John Ogrodnick,1992-93,DET,L,19,6,6,12,-2,2,0.63,4,7,0,0,0,0,25,24.0,,--,--
422,Philippe Bozon,1992-93,STL,L,54,6,6,12,-3,55,0.22,0,0,0,0,0,0,90,6.7,,--,--
423,Tim Hunter,1992-93,"QUE, VAN",R,74,5,7,12,-3,193,0.16,0,0,0,0,0,0,40,12.5,,--,--
424,Edward Ronan,1992-93,MTL,R,53,5,7,12,6,20,0.23,0,0,0,0,1,1,54,9.3,,--,--
425,Bobby Smith,1992-93,MNS,C,45,5,7,12,-9,10,0.27,3,4,0,0,0,0,53,9.4,,--,--
426,Craig Berube,1992-93,CGY,L,77,4,8,12,-6,209,0.16,0,0,0,0,2,0,58,6.9,,--,--
427,Robert Dirk,1992-93,VAN,D,69,4,8,12,25,150,0.17,0,0,0,0,2,0,41,9.8,,--,--
428,Michel Petit,1992-93,CGY,D,35,3,9,12,-5,54,0.34,2,3,0,0,0,0,58,5.2,,--,--
429,Chris Luongo,1992-93,OTT,D,76,3,9,12,-47,68,0.16,1,4,0,0,0,0,76,3.9,,--,--
430,Chris Joseph,1992-93,EDM,D,33,2,10,12,-9,48,0.36,1,6,0,0,0,0,49,4.1,,--,--
431,David Williams,1992-93,SJS,D,40,1,11,12,-27,49,0.30,1,5,0,0,0,0,60,1.7,,--,--
432,Jayson More,1992-93,SJS,D,73,5,6,11,-35,179,0.15,0,0,1,1,0,0,107,4.7,,--,--
433,Steve Konowalchuk,1992-93,WSH,L,36,4,7,11,4,16,0.31,1,1,0,0,1,0,34,11.8,,--,--
434,Carey Wilson,1992-93,CGY,C,22,4,7,11,10,8,0.50,1,1,2,2,0,0,30,13.3,,--,--
435,Troy Murray,1992-93,"WIN, CHI",C,51,4,7,11,-15,59,0.22,2,2,0,0,0,0,77,5.2,,--,--
436,Steve Kasper,1992-93,"PHI, TBL",C,68,4,7,11,-17,20,0.16,0,0,1,1,0,0,32,12.5,,--,--
437,Dave Snuggerud,1992-93,"SJS, PHI",L,39,4,7,11,-3,14,0.28,0,0,1,1,1,0,61,6.6,,--,--
438,Gord Donnelly,1992-93,BUF,D,60,3,8,11,5,221,0.18,0,0,0,1,0,0,38,7.9,,--,--
439,Kevin Dahl,1992-93,CGY,D,61,2,9,11,9,56,0.18,1,1,0,0,0,0,40,5.0,,--,--
440,Craig Ludwig,1992-93,MNS,D,78,1,10,11,1,153,0.14,0,0,0,1,0,0,66,1.5,,--,--
441,Vladimir Vujtek,1992-93,EDM,L,30,1,10,11,-1,8,0.37,0,4,0,0,0,0,49,2.0,,--,--
442,Stephane Quintal,1992-93,STL,D,75,1,10,11,-6,100,0.15,0,0,1,3,0,0,81,1.2,,--,--
443,Craig Muni,1992-93,"EDM, CHI",D,81,0,11,11,-14,75,0.14,0,0,0,4,0,0,60,0.0,,--,--
444,Louie Debrusk,1992-93,EDM,L,51,8,2,10,-16,205,0.20,0,1,0,0,1,0,33,24.2,,--,--
445,Darin Kimble,1992-93,BOS,R,55,7,3,10,4,177,0.18,0,0,0,0,0,0,20,35.0,,--,--
446,Bob Corkum,1992-93,BUF,C,68,6,4,10,-3,38,0.15,0,0,1,2,1,0,69,8.7,,--,--
447,Jeffrey Lazaro,1992-93,OTT,L,26,6,4,10,-8,16,0.38,0,1,1,2,0,0,38,15.8,,--,--
448,Glen Featherstone,1992-93,BOS,D,34,5,5,10,6,102,0.29,1,2,0,0,0,0,33,15.2,,--,--
449,Ray Whitney,1992-93,SJS,L,26,4,6,10,-14,4,0.38,1,3,0,0,0,0,24,16.7,,--,--
450,Lee Norwood,1992-93,STL,D,32,3,7,10,-5,63,0.31,2,6,0,0,0,0,36,8.3,,--,--
451,Robert Murphy,1992-93,OTT,C,44,3,7,10,-23,30,0.23,0,0,0,0,0,0,55,5.5,,--,--
452,Chris Dahlquist,1992-93,CGY,D,74,3,7,10,0,66,0.14,0,1,0,1,1,0,64,4.7,,--,--
453,Brian Lawton,1992-93,SJS,C,21,2,8,10,-9,12,0.48,0,2,0,0,0,0,29,6.9,,--,--
454,Jay Wells,1992-93,NYR,D,53,1,9,10,-2,107,0.19,0,0,0,0,0,0,32,3.1,,--,--
455,Brent Hughes,1992-93,BOS,L,62,5,4,9,-4,191,0.15,0,0,0,0,0,0,54,9.3,,--,--
456,Claude Boivin,1992-93,PHI,L,30,5,4,9,-5,76,0.30,0,0,0,0,1,1,21,23.8,,--,--
457,Brad Werenka,1992-93,EDM,D,27,5,4,9,1,24,0.33,0,1,1,2,1,0,38,13.2,,--,--
458,Jeff Daniels,1992-93,PIT,L,58,5,4,9,-5,14,0.16,0,0,0,0,1,0,30,16.7,,--,--
459,Randy Cunneyworth,1992-93,HFD,L,39,5,4,9,-1,63,0.23,0,0,0,0,1,0,47,10.6,,--,--
460,Darcy Loewen,1992-93,OTT,L,79,4,5,9,-26,145,0.11,0,0,0,1,0,0,42,9.5,,--,--
461,Robert Petrovicky,1992-93,HFD,C,42,3,6,9,-10,45,0.21,0,1,0,0,0,0,41,7.3,,--,--
462,Joe Cirella,1992-93,NYR,D,55,3,6,9,1,85,0.16,0,1,1,1,0,0,37,8.1,,--,--
463,Basil McRae,1992-93,"TBL, STL",L,47,3,6,9,-16,169,0.19,2,2,0,0,0,0,45,6.7,,--,--
464,Joey Kocur,1992-93,NYR,R,65,3,6,9,-9,131,0.14,2,3,0,0,0,0,43,7.0,,--,--
465,Jim McKenzie,1992-93,HFD,L,64,3,6,9,-10,202,0.14,0,0,0,0,0,0,36,8.3,,--,--
466,Viktor Gordiouk,1992-93,BUF,R,16,3,6,9,4,0,0.56,0,0,0,0,0,0,24,12.5,,--,--
467,Kjell Samuelsson,1992-93,PIT,D,63,3,6,9,25,106,0.14,0,1,0,1,1,0,63,4.8,,--,--
468,David Maley,1992-93,"EDM, SJS",L,56,2,7,9,-28,155,0.16,1,2,0,0,0,0,57,3.5,,--,--
469,Ken Hodge Jr.,1992-93,TBL,C,25,2,7,9,-6,2,0.36,0,3,0,0,1,0,32,6.3,,--,--
470,Randy Moller,1992-93,BUF,D,35,2,7,9,6,83,0.26,0,0,0,1,0,0,25,8.0,,--,--
471,Mike Lalor,1992-93,WIN,D,64,1,8,9,-10,76,0.14,0,1,0,0,0,0,75,1.3,,--,--
472,Mike Hurlbut,1992-93,NYR,D,23,1,8,9,4,16,0.39,1,4,0,0,0,0,26,3.8,,--,--
473,Hubie McDonough,1992-93,SJS,C,30,6,2,8,-21,6,0.27,2,2,0,0,0,0,41,14.6,,--,--
474,Claude Loiselle,1992-93,NYI,C,41,5,3,8,-5,90,0.20,0,0,0,0,0,0,41,12.2,,--,--
475,Dan Keczmer,1992-93,HFD,D,23,4,4,8,-3,28,0.35,2,3,0,0,1,0,38,10.5,,--,--
476,Peter Douris,1992-93,BOS,R,19,4,4,8,5,4,0.42,0,0,1,1,0,0,33,12.1,,--,--
477,Joe Sacco,1992-93,TOR,L,23,4,4,8,-4,8,0.35,0,1,0,0,0,0,38,10.5,,--,--
478,Ken Hammond,1992-93,OTT,D,62,4,4,8,-42,104,0.13,0,2,0,0,0,0,64,6.3,,--,--
479,Mario Roberge,1992-93,MTL,L,50,4,4,8,2,142,0.16,0,0,0,0,3,0,23,17.4,,--,--
480,Mike Hartman,1992-93,"TBL, NYR",L,61,4,4,8,-7,160,0.13,0,0,0,0,0,0,77,5.2,,--,--
481,Peter Ahola,1992-93,"LAK, PIT, SJS",D,50,3,5,8,-10,36,0.16,0,2,0,0,0,0,40,7.5,,--,--
482,Bill Houlder,1992-93,BUF,D,15,3,5,8,5,6,0.53,0,0,0,0,0,0,29,10.3,,--,--
483,John McIntyre,1992-93,"LAK, NYR",C,60,3,5,8,-14,84,0.13,0,0,0,1,0,0,36,8.3,,--,--
484,Keith Brown,1992-93,CHI,D,33,2,6,8,3,39,0.24,0,1,0,0,0,0,47,4.3,,--,--
485,Larry Depalma,1992-93,SJS,C,20,2,6,8,-14,41,0.40,1,4,0,0,0,0,29,6.9,,--,--
486,Doug Houda,1992-93,HFD,D,60,2,6,8,-19,167,0.13,0,0,0,0,0,0,43,4.7,,--,--
487,Mikhail Tatarinov,1992-93,QUE,D,28,2,6,8,6,28,0.29,1,4,0,0,0,0,46,4.3,,--,--
488,Sean Hill,1992-93,MTL,D,31,2,6,8,-5,54,0.26,1,3,0,0,1,0,37,5.4,,--,--
489,Shawn Anderson,1992-93,WSH,D,60,2,6,8,-2,18,0.13,1,3,0,0,0,0,42,4.8,,--,--
490,Neil Wilkinson,1992-93,SJS,D,59,1,7,8,-50,96,0.14,0,2,1,2,0,0,51,2.0,,--,--
491,Mark Greig,1992-93,HFD,R,22,1,7,8,-11,27,0.36,0,2,0,0,0,0,16,6.3,,--,--
492,Joseph Day,1992-93,HFD,L,24,1,7,8,-8,47,0.33,0,0,0,0,0,0,10,10.0,,--,--
493,Dean Kennedy,1992-93,WIN,D,78,1,7,8,-3,105,0.10,0,0,0,1,1,0,50,2.0,,--,--
494,Tim Sweeney,1992-93,BOS,R,14,1,7,8,1,6,0.57,0,0,0,0,0,0,15,6.7,,--,--
495,Mike Hudson,1992-93,"CHI, EDM",C,41,1,7,8,-7,46,0.20,0,1,0,1,0,0,35,2.9,,--,--
496,Bret Hedican,1992-93,STL,D,42,0,8,8,-2,30,0.19,0,1,0,0,0,0,40,0.0,,--,--
497,Troy Mallette,1992-93,NJD,L,34,4,3,7,3,56,0.21,0,0,0,0,0,0,19,21.1,,--,--
498,Petri Skriko,1992-93,SJS,L,17,4,3,7,-8,6,0.41,2,3,1,1,0,0,35,11.4,,--,--
499,Glen Murray,1992-93,BOS,R,27,3,4,7,-6,8,0.26,2,2,0,0,1,0,28,10.7,,--,--
500,Randy Gilhen,1992-93,"NYR, TBL",C,44,3,4,7,-14,14,0.16,0,0,1,2,1,0,45,6.7,,--,--
501,Perry Berezan,1992-93,SJS,C,28,3,4,7,-18,28,0.25,1,1,1,2,0,0,37,8.1,,--,--
502,Alexander Godynyuk,1992-93,CGY,D,27,3,4,7,6,19,0.26,0,3,0,0,0,0,35,8.6,,--,--
503,Gord Hynes,1992-93,PHI,D,37,3,4,7,-3,16,0.19,0,1,0,0,0,0,39,7.7,,--,--
504,Kelly Chase,1992-93,STL,R,49,2,5,7,-9,204,0.14,0,0,0,0,0,0,28,7.1,,--,--
505,Mick Vukota,1992-93,NYI,R,74,2,5,7,3,216,0.09,0,0,0,0,0,0,37,5.4,,--,--
506,Steven Rice,1992-93,EDM,R,28,2,5,7,-4,28,0.25,0,0,0,0,0,0,29,6.9,,--,--
507,Daniel Marois,1992-93,NYI,R,28,2,5,7,-3,35,0.25,0,0,0,0,0,0,41,4.9,,--,--
508,Jean-Francois Quintin,1992-93,SJS,L,14,2,5,7,-4,4,0.50,0,2,0,0,0,0,12,16.7,,--,--
509,Rob Brown,1992-93,CHI,R,15,1,6,7,6,33,0.47,0,1,0,0,0,0,16,6.3,,--,--
510,Mike Eastwood,1992-93,TOR,C,12,1,6,7,-2,21,0.58,0,1,0,0,0,0,11,9.1,,--,--
511,Jim Wiemer,1992-93,BOS,D,28,1,6,7,1,48,0.25,0,1,0,0,0,0,39,2.6,,--,--
512,Rob Zettler,1992-93,SJS,D,80,0,7,7,-50,150,0.09,0,0,0,1,0,0,60,0.0,,--,--
513,Colin Patterson,1992-93,BUF,R,36,4,2,6,-2,22,0.17,0,0,1,1,0,0,30,13.3,,--,--
514,Jesse Belanger,1992-93,MTL,C,19,4,2,6,1,4,0.32,0,0,0,0,0,0,24,16.7,,--,--
515,Jason Lafreniere,1992-93,TBL,C,11,3,3,6,-6,4,0.55,1,3,0,0,0,0,17,17.6,,--,--
516,Timothy Bergland,1992-93,TBL,R,27,3,3,6,-5,11,0.22,0,0,0,0,0,0,44,6.8,,--,--
517,Brian Propp,1992-93,MNS,L,17,3,3,6,-10,0,0.35,1,3,0,0,1,0,35,8.6,,--,--
518,Gary Shuchuk,1992-93,LAK,C,25,2,4,6,0,16,0.24,0,0,0,0,0,0,24,8.3,,--,--
519,Cam Russell,1992-93,CHI,D,67,2,4,6,5,151,0.09,0,0,0,0,0,0,49,4.1,,--,--
520,Keith Carney,1992-93,BUF,D,30,2,4,6,3,55,0.20,0,1,0,0,1,0,26,7.7,,--,--
521,Randy Ladouceur,1992-93,HFD,D,62,2,4,6,-18,109,0.10,0,0,0,1,0,0,37,5.4,,--,--
522,Gord Dineen,1992-93,OTT,D,32,2,4,6,-19,30,0.19,1,3,0,0,0,0,36,5.5,,--,--
523,Tommy Albelin,1992-93,NJD,D,36,1,5,6,0,14,0.17,1,3,0,0,1,0,33,3.0,,--,--
524,Dennis Vaske,1992-93,NYI,D,27,1,5,6,9,32,0.22,0,0,0,0,0,0,15,6.7,,--,--
525,Tim Kerr,1992-93,HFD,R,22,0,6,6,-11,7,0.27,0,0,0,0,0,0,48,0.0,,--,--
526,Robin Bawa,1992-93,SJS,C,42,5,0,5,-25,47,0.12,0,0,0,0,1,0,25,20.0,,--,--
527,Lyndon Byers,1992-93,SJS,R,18,4,1,5,-2,122,0.28,0,0,0,0,0,0,18,22.2,,--,--
528,Vitali Prokhorov,1992-93,STL,L,26,4,1,5,-4,15,0.19,0,0,0,0,1,0,21,19.0,,--,--
529,Vyacheslav Kozlov,1992-93,DET,L,17,4,1,5,-1,14,0.29,0,0,0,0,0,0,26,15.4,,--,--
530,Jamie Leach,1992-93,"PIT, HFD",R,24,3,2,5,-7,4,0.21,0,0,0,0,0,0,19,15.8,,--,--
531,Rob Ray,1992-93,BUF,R,68,3,2,5,-3,211,0.07,1,1,0,0,0,0,28,10.7,,--,--
532,John Conroy,1992-93,PHI,C,21,3,2,5,-1,17,0.24,0,0,0,0,1,0,24,12.5,,--,--
533,Richard Matvichuk,1992-93,MNS,D,53,2,3,5,-8,26,0.09,1,1,0,0,0,0,51,3.9,,--,--
534,Reginald Savage,1992-93,WSH,C,16,2,3,5,-4,12,0.31,2,3,0,0,0,0,20,10.0,,--,--
535,David Bruce,1992-93,SJS,R,17,2,3,5,-14,33,0.29,2,4,0,0,0,0,36,5.5,,--,--
536,Paul Kruse,1992-93,CGY,L,27,2,3,5,2,41,0.19,0,0,0,0,0,0,17,11.8,,--,--
537,Todd Harkins,1992-93,CGY,R,15,2,3,5,-4,22,0.33,0,0,0,0,0,0,17,11.8,,--,--
538,Shaun Van Allen,1992-93,EDM,C,21,1,4,5,-2,6,0.24,0,1,0,0,0,0,19,5.3,,--,--
539,David Mackey,1992-93,STL,L,15,1,4,5,-3,23,0.33,0,0,0,0,0,0,17,5.9,,--,--
540,Stephane Richer,1992-93,"TBL, BOS",D,24,1,4,5,-9,18,0.21,0,0,0,0,1,0,24,4.2,,--,--
541,Mark Osiecki,1992-93,"OTT, WIN, MNS",D,43,1,4,5,-20,19,0.12,1,1,0,0,0,0,26,3.8,,--,--
542,Craig Wolanin,1992-93,QUE,D,24,1,4,5,9,49,0.21,0,0,0,1,0,0,17,5.9,,--,--
543,Allen Pedersen,1992-93,HFD,D,59,1,4,5,0,60,0.08,0,0,0,0,0,0,16,6.3,,--,--
544,Grant Jennings,1992-93,PIT,D,58,0,5,5,6,65,0.09,0,0,0,0,0,0,32,0.0,,--,--
545,Karl Dykhuis,1992-93,CHI,D,12,0,5,5,2,0,0.42,0,1,0,0,0,0,10,0.0,,--,--
546,Chris Lipuma,1992-93,TBL,D,15,0,5,5,1,34,0.33,0,0,0,0,0,0,17,0.0,,--,--
547,Robert Lang,1992-93,LAK,C,11,0,5,5,-3,2,0.45,0,0,0,0,0,0,3,0.0,,--,--
548,Doug Brown,1992-93,NJD,R,15,0,5,5,3,2,0.33,0,0,0,0,0,0,17,0.0,,--,--
549,Michel Picard,1992-93,SJS,L,25,4,0,4,-17,24,0.16,2,2,0,0,0,0,32,12.5,,--,--
550,Dale Craigwell,1992-93,SJS,C,8,3,1,4,-4,4,0.50,0,0,0,0,0,0,7,42.9,,--,--
551,Russell Romaniuk,1992-93,WIN,L,28,3,1,4,0,22,0.14,0,0,0,0,1,1,20,15.0,,--,--
552,Andre Faust,1992-93,PHI,C,10,2,2,4,5,4,0.40,0,0,0,0,0,0,11,18.2,,--,--
553,Len Barrie,1992-93,PHI,C,8,2,2,4,2,9,0.50,0,0,0,0,0,0,14,14.3,,--,--
554,Murray Baron,1992-93,STL,D,53,2,2,4,-5,59,0.08,0,0,0,0,1,1,42,4.8,,--,--
555,Iain Fraser,1992-93,NYI,C,7,2,2,4,-1,2,0.57,1,2,0,0,0,0,7,28.6,,--,--
556,Rich Pilon,1992-93,NYI,D,44,1,3,4,-4,164,0.09,0,0,0,0,0,0,20,5.0,,--,--
557,Jozef Stumpel,1992-93,BOS,L,13,1,3,4,-3,4,0.31,0,0,0,0,0,0,8,12.5,,--,--
558,Bryan Smolinski,1992-93,BOS,C,9,1,3,4,3,0,0.44,0,0,0,0,0,0,10,10.0,,--,--
559,Andrew McKim,1992-93,BOS,C,7,1,3,4,2,0,0.57,0,1,0,0,0,0,12,8.3,,--,--
560,Kevin Miehm,1992-93,STL,C,8,1,3,4,1,4,0.50,0,0,0,0,0,0,5,20.0,,--,--
561,Curt Giles,1992-93,STL,D,48,0,4,4,-2,40,0.08,0,2,0,0,0,0,23,0.0,,--,--
562,Bryan Fogarty,1992-93,PIT,D,12,0,4,4,-3,4,0.33,0,2,0,0,0,0,11,0.0,,--,--
563,Philippe Boucher,1992-93,BUF,D,18,0,4,4,1,14,0.22,0,1,0,0,0,0,28,0.0,,--,--
564,Dan Quinn,1992-93,MNS,C,11,0,4,4,-4,6,0.36,0,3,0,0,0,0,20,0.0,,--,--
565,Matthew Block,1992-93,TBL,D,17,0,4,4,-6,38,0.24,0,1,0,0,0,0,18,0.0,,--,--
566,Brent Thompson,1992-93,LAK,D,30,0,4,4,-4,76,0.13,0,0,0,0,0,0,18,0.0,,--,--
567,Ryan Walter,1992-93,VAN,C,25,3,0,3,-2,10,0.12,0,0,0,0,0,0,15,20.0,,--,--
568,James Black,1992-93,MNS,L,10,2,1,3,0,4,0.30,0,0,0,0,0,0,10,20.0,,--,--
569,Ben Hankinson,1992-93,NJD,R,4,2,1,3,2,9,0.75,0,0,0,0,0,0,3,66.7,,--,--
570,Guy Leveque,1992-93,LAK,C,12,2,1,3,-4,19,0.25,0,1,0,0,0,0,12,16.7,,--,--
571,Shawn Cronin,1992-93,PHI,D,35,2,1,3,0,37,0.09,0,0,0,0,0,0,12,16.7,,--,--
572,Oleg Petrov,1992-93,MTL,R,9,2,1,3,2,10,0.33,0,0,0,0,1,1,20,10.0,,--,--
573,Stan Drulia,1992-93,TBL,R,24,2,1,3,1,10,0.13,0,0,0,0,1,0,22,9.1,,--,--
574,Darren Banks,1992-93,BOS,L,16,2,1,3,5,64,0.19,0,0,0,0,0,0,15,13.3,,--,--
575,Jason Ruff,1992-93,"STL, TBL",L,8,2,1,3,-1,8,0.38,1,1,0,0,1,0,8,25.0,,--,--
576,William McDougall,1992-93,EDM,C,4,2,1,3,2,4,0.75,0,0,0,0,0,0,8,25.0,,--,--
577,Donald Dufresne,1992-93,MTL,D,32,1,2,3,0,32,0.09,0,0,0,0,0,0,13,7.7,,--,--
578,Richard Kromm,1992-93,NYI,L,1,1,2,3,3,0,3.00,0,0,0,0,0,0,2,50.0,,--,--
579,Greg Smyth,1992-93,CGY,D,35,1,2,3,2,95,0.09,1,1,0,0,0,0,14,7.1,,--,--
580,Jon Morris,1992-93,"NJD, SJS",C,15,0,3,3,-11,6,0.20,0,1,0,0,0,0,12,0.0,,--,--
581,Brad Berry,1992-93,MNS,D,63,0,3,3,2,109,0.05,0,0,0,0,0,0,49,0.0,,--,--
582,Brad Marsh,1992-93,OTT,D,59,0,3,3,-29,30,0.05,0,0,0,0,0,0,35,0.0,,--,--
583,Denny Felsner,1992-93,STL,L,6,0,3,3,4,2,0.50,0,0,0,0,0,0,4,0.0,,--,--
584,Paul Gillis,1992-93,HFD,C,21,1,1,2,-2,40,0.10,0,0,0,0,0,0,8,12.5,,--,--
585,Chris Simon,1992-93,QUE,L,16,1,1,2,-2,67,0.13,0,0,0,0,1,0,15,6.7,,--,--
586,Jock Callander,1992-93,TBL,R,8,1,1,2,-5,2,0.25,0,0,0,0,0,0,12,8.3,,--,--
587,Dave Capuano,1992-93,TBL,L,6,1,1,2,-4,2,0.33,1,2,0,0,0,0,10,10.0,,--,--
588,Michel Mongeau,1992-93,TBL,C,4,1,1,2,-2,2,0.50,0,1,0,0,0,0,2,50.0,,--,--
589,Tyler Wright,1992-93,EDM,C,7,1,1,2,-4,19,0.29,0,0,0,0,0,0,7,14.3,,--,--
590,Gary Nylund,1992-93,NYI,D,22,1,1,2,-2,43,0.09,0,0,0,0,0,0,19,5.3,,--,--
591,Dody Wood,1992-93,SJS,C,13,1,1,2,-5,71,0.15,0,0,0,0,0,0,10,10.0,,--,--
592,John Thomas,1992-93,BUF,R,7,1,1,2,2,15,0.29,0,0,0,0,0,0,4,25.0,,--,--
593,Jim Cummins,1992-93,DET,R,7,1,1,2,0,58,0.29,0,0,0,0,0,0,5,20.0,,--,--
594,Kent Manderville,1992-93,TOR,C,18,1,1,2,-9,17,0.11,0,0,0,0,1,0,15,6.7,,--,--
595,Keith Osborne,1992-93,TBL,R,11,1,1,2,-1,8,0.18,0,0,0,0,1,0,11,9.1,,--,--
596,Per Djoos,1992-93,NYR,D,6,1,1,2,0,2,0.33,0,1,0,0,0,0,4,25.0,,--,--
597,Stu Grimson,1992-93,CHI,L,78,1,1,2,2,193,0.03,1,1,0,0,0,0,14,7.1,,--,--
598,Randy Carlyle,1992-93,WIN,D,22,1,1,2,-6,14,0.09,0,0,0,0,0,0,21,4.8,,--,--
599,Jeff Greenlaw,1992-93,WSH,L,16,1,1,2,-3,18,0.13,0,0,0,0,0,0,15,6.7,,--,--
600,Claude Vilgrain,1992-93,NJD,L,4,0,2,2,-3,0,0.50,0,0,0,0,0,0,2,0.0,,--,--
601,Jaroslav Otevrel,1992-93,SJS,C,7,0,2,2,-6,0,0.29,0,1,0,0,0,0,4,0.0,,--,--
602,Tony Twist,1992-93,QUE,L,34,0,2,2,0,64,0.06,0,0,0,0,0,0,14,0.0,,--,--
603,Adam Bennett,1992-93,CHI,D,16,0,2,2,-2,8,0.13,0,1,0,0,0,0,15,0.0,,--,--
604,Thomas Forslund,1992-93,CGY,R,6,0,2,2,0,0,0.33,0,0,0,1,0,0,3,0.0,,--,--
605,Jason Woolley,1992-93,WSH,D,26,0,2,2,3,10,0.08,0,1,0,0,0,0,11,0.0,,--,--
606,Shawn Rivers,1992-93,TBL,D,4,0,2,2,-2,2,0.50,0,0,0,0,0,0,3,0.0,,--,--
607,Anatoli Fedotov,1992-93,WIN,D,1,0,2,2,1,0,2.00,0,0,0,0,0,0,1,0.0,,--,--
608,Dave Brown,1992-93,PHI,R,70,0,2,2,-5,78,0.03,0,0,0,0,0,0,19,0.0,,--,--
609,Sean Whyte,1992-93,LAK,R,18,0,2,2,1,12,0.11,0,0,0,0,0,0,7,0.0,,--,--
610,Dallas Eakins,1992-93,WIN,D,14,0,2,2,2,38,0.14,0,0,0,0,0,0,9,0.0,,--,--
611,Andy Brickley,1992-93,WIN,L,12,0,2,2,0,2,0.17,0,0,0,0,0,0,5,0.0,,--,--
612,Tim Watters,1992-93,LAK,D,22,0,2,2,-3,18,0.09,0,0,0,0,0,0,8,0.0,,--,--
613,Jarrod Skalde,1992-93,NJD,C,11,0,2,2,-3,4,0.18,0,0,0,0,0,0,11,0.0,,--,--
614,Dean Kolstad,1992-93,SJS,D,10,0,2,2,-9,12,0.20,0,1,0,0,0,0,22,0.0,,--,--
615,Ken Baumgartner,1992-93,TOR,L,63,1,0,1,-11,155,0.02,0,0,0,0,0,0,23,4.3,,--,--
616,Bob McGill,1992-93,TOR,D,19,1,0,1,5,34,0.05,0,0,0,0,0,0,8,12.5,,--,--
617,Jason Bowen,1992-93,PHI,D,7,1,0,1,1,2,0.14,0,0,0,0,0,0,3,33.3,,--,--
618,Doug Macdonald,1992-93,BUF,L,5,1,0,1,0,2,0.20,0,0,0,0,0,0,1,100.0,,--,--
619,Christopher Govedaris,1992-93,HFD,L,7,1,0,1,-2,0,0.14,0,0,0,0,0,0,6,16.7,,--,--
620,Matthew Barnaby,1992-93,BUF,R,2,1,0,1,0,10,0.50,1,1,0,0,0,0,8,12.5,,--,--
621,Rob Murray,1992-93,WIN,C,10,1,0,1,0,6,0.10,0,0,0,0,1,0,4,25.0,,--,--
622,Mark Beaufait,1992-93,SJS,C,5,1,0,1,-1,0,0.20,0,0,0,0,0,0,3,33.3,,--,--
623,Chris Tancill,1992-93,DET,R,4,1,0,1,-2,2,0.25,0,0,0,0,0,0,3,33.3,,--,--
624,Brian Sullivan,1992-93,NJD,R,2,0,1,1,-1,0,0.50,0,0,0,0,0,0,2,0.0,,--,--
625,Scott Levins,1992-93,WIN,R,9,0,1,1,-2,18,0.11,0,0,0,0,0,0,8,0.0,,--,--
626,Chris Winnes,1992-93,BOS,R,5,0,1,1,1,0,0.20,0,0,0,0,0,0,2,0.0,,--,--
627,Dan Ratushny,1992-93,VAN,D,1,0,1,1,0,2,1.00,0,0,0,0,0,0,2,0.0,,--,--
628,Jim Kyte,1992-93,OTT,D,4,0,1,1,0,4,0.25,0,0,0,0,0,0,1,0.0,,--,--
629,Dominic Lavoie,1992-93,"OTT, BOS",D,4,0,1,1,-1,2,0.25,0,1,0,0,0,0,15,0.0,,--,--
630,Sergei Zholtok,1992-93,BOS,C,1,0,1,1,1,0,1.00,0,0,0,0,0,0,2,0.0,,--,--
631,Greg Brown,1992-93,BUF,D,10,0,1,1,-5,6,0.10,0,0,0,0,0,0,10,0.0,,--,--
632,Brad Schlegel,1992-93,WSH,D,7,0,1,1,1,6,0.14,0,0,0,0,0,0,8,0.0,,--,--
633,Derrick Smith,1992-93,MNS,L,9,0,1,1,-2,2,0.11,0,0,0,0,0,0,3,0.0,,--,--
634,Milan Tichy,1992-93,CHI,D,13,0,1,1,7,30,0.08,0,0,0,0,0,0,12,0.0,,--,--
635,Dave Karpa,1992-93,QUE,D,12,0,1,1,-6,13,0.08,0,0,0,0,0,0,2,0.0,,--,--
636,Dennis Vial,1992-93,DET,L,9,0,1,1,1,20,0.11,0,0,0,0,0,0,5,0.0,,--,--
637,Jeff Chychrun,1992-93,"PIT, LAK",D,18,0,1,1,-2,25,0.06,0,0,0,0,0,0,3,0.0,,--,--
638,Jim Thomson,1992-93,"OTT, LAK",R,24,0,1,1,-12,97,0.04,0,0,0,0,0,0,23,0.0,,--,--
639,Marc Fortier,1992-93,"OTT, LAK",C,16,0,1,1,-9,11,0.06,0,0,0,0,0,0,14,0.0,,--,--
640,Claudio Scremin,1992-93,SJS,D,4,0,1,1,-1,4,0.25,0,0,0,0,0,0,4,0.0,,--,--
641,Pat MacLeod,1992-93,SJS,D,13,0,1,1,-19,10,0.08,0,0,0,0,0,0,20,0.0,,--,--
642,Leonard Esau,1992-93,QUE,D,4,0,1,1,1,2,0.25,0,0,0,0,0,0,1,0.0,,--,--
643,Craig Duncanson,1992-93,NYR,R,3,0,1,1,0,0,0.33,0,0,0,0,0,0,1,0.0,,--,--
644,Brad Lauer,1992-93,CHI,R,7,0,1,1,-1,2,0.14,0,1,0,0,0,0,8,0.0,,--,--
645,Enrico Ciccone,1992-93,MNS,D,31,0,1,1,2,115,0.03,0,0,0,0,0,0,13,0.0,,--,--
646,Daniel Laperriere,1992-93,STL,D,5,0,1,1,-3,0,0.20,0,0,0,0,0,0,7,0.0,,--,--
647,Scott Thornton,1992-93,EDM,L,9,0,1,1,-4,0,0.11,0,0,0,0,0,0,7,0.0,,--,--
648,Niklas Andersson,1992-93,QUE,L,3,0,1,1,0,2,0.33,0,0,0,0,0,0,4,0.0,,--,--
649,Shayne Stevenson,1992-93,TBL,R,8,0,1,1,-5,7,0.13,0,0,0,0,0,0,4,0.0,,--,--
650,Stephane Morin,1992-93,VAN,C,1,0,1,1,-1,0,1.00,0,0,0,0,0,0,3,0.0,,--,--
651,Marc Potvin,1992-93,LAK,R,20,0,1,1,-10,61,0.05,0,0,0,0,0,0,7,0.0,,--,--
652,Alan Kerr,1992-93,WIN,R,7,0,1,1,-4,2,0.14,0,0,0,0,0,0,1,0.0,,--,--
653,Vitali Karamnov,1992-93,STL,L,7,0,1,1,-2,0,0.14,0,0,0,0,0,0,7,0.0,,--,--
654,Blair Atcheynum,1992-93,OTT,R,4,0,1,1,-3,0,0.25,0,0,0,0,0,0,2,0.0,,--,--
655,Peter Ciavaglia,1992-93,BUF,C,3,0,0,0,0,0,--,0,0,0,0,0,0,2,0.0,,--,--
656,Tony Cimellaro,1992-93,OTT,C,2,0,0,0,-2,0,--,0,0,0,0,0,0,4,0.0,,--,--
657,Alexander Andrijevski,1992-93,CHI,R,1,0,0,0,0,0,--,0,0,0,0,0,0,0,0.0,,--,--
658,Jason York,1992-93,DET,D,2,0,0,0,0,0,--,0,0,0,0,0,0,1,0.0,,--,--
659,William Huard,1992-93,BOS,L,2,0,0,0,0,0,--,0,0,0,0,0,0,0,0.0,,--,--
660,Guy Larose,1992-93,TOR,C,9,0,0,0,-3,8,--,0,0,0,0,0,0,8,0.0,,--,--
661,Mark Hunter,1992-93,WSH,R,7,0,0,0,1,14,--,0,0,0,0,0,0,5,0.0,,--,--
662,Robert Joyce,1992-93,WIN,L,1,0,0,0,0,0,--,0,0,0,0,0,0,0,0.0,,--,--
663,Francis Breault,1992-93,LAK,R,4,0,0,0,-1,6,--,0,0,0,0,0,0,0,0.0,,--,--
664,Reid Simpson,1992-93,MNS,L,1,0,0,0,0,5,--,0,0,0,0,0,0,0,0.0,,--,--
665,Turner Stevenson,1992-93,MTL,R,1,0,0,0,-1,0,--,0,0,0,0,0,0,1,0.0,,--,--
666,Herb Raglan,1992-93,TBL,R,2,0,0,0,0,2,--,0,0,0,0,0,0,0,0.0,,--,--
667,Kris Draper,1992-93,WIN,C,7,0,0,0,-6,2,--,0,0,0,0,0,0,5,0.0,,--,--
668,Scott Daniels,1992-93,HFD,L,1,0,0,0,0,19,--,0,0,0,0,0,0,0,0.0,,--,--
669,Rene Chapdelaine,1992-93,LAK,D,13,0,0,0,-6,12,--,0,0,0,0,0,0,5,0.0,,--,--
670,Patrick Lebeau,1992-93,CGY,L,1,0,0,0,0,0,--,0,0,0,0,0,0,0,0.0,,--,--
671,Shawn Antoski,1992-93,VAN,L,2,0,0,0,0,0,--,0,0,0,0,0,0,0,0.0,,--,--
672,Shawn Heaphy,1992-93,CGY,C,1,0,0,0,0,0,--,0,0,0,0,0,0,2,0.0,,--,--
673,Myles O'Connor,1992-93,NJD,D,7,0,0,0,-4,9,--,0,0,0,0,0,0,4,0.0,,--,--
674,Patric Kjellberg,1992-93,MTL,L,7,0,0,0,-3,2,--,0,0,0,0,0,0,7,0.0,,--,--
675,David Emma,1992-93,NJD,C,2,0,0,0,0,0,--,0,0,0,0,0,0,2,0.0,,--,--
676,Rod Buskas,1992-93,CHI,D,4,0,0,0,2,26,--,0,0,0,0,0,0,3,0.0,,--,--
677,Brad Miller,1992-93,OTT,D,11,0,0,0,-5,42,--,0,0,0,0,0,0,2,0.0,,--,--
678,Thomas Semchuk,1992-93,LAK,R,1,0,0,0,0,2,--,0,0,0,0,0,0,0,0.0,,--,--
679,Dave Marcinyshyn,1992-93,NYR,D,2,0,0,0,-1,2,--,0,0,0,0,0,0,1,0.0,,--,--
680,Bob Babcock,1992-93,WSH,D,1,0,0,0,0,2,--,0,0,0,0,0,0,0,0.0,,--,--
681,Jim Agnew,1992-93,HFD,D,16,0,0,0,3,68,--,0,0,0,0,0,0,3,0.0,,--,--
682,Martin St. Amour,1992-93,OTT,L,1,0,0,0,0,2,--,0,0,0,0,0,0,2,0.0,,--,--
683,Glenn Mulvenna,1992-93,PHI,C,1,0,0,0,0,2,--,0,0,0,0,0,0,1,0.0,,--,--
684,Randy Burridge,1992-93,WSH,L,4,0,0,0,1,0,--,0,0,0,0,0,0,7,0.0,,--,--
685,Ken McRae,1992-93,TOR,C,2,0,0,0,-1,2,--,0,0,0,0,0,0,3,0.0,,--,--
686,Gregory Parks,1992-93,NYI,C,2,0,0,0,0,0,--,0,0,0,0,0,0,3,0.0,,--,--
687,Gordon Kruppke,1992-93,DET,D,10,0,0,0,1,20,--,0,0,0,0,0,0,7,0.0,,--,--
688,David Tomlinson,1992-93,TOR,C,3,0,0,0,0,2,--,0,0,0,0,0,0,1,0.0,,--,--
689,Sergei Krivokrasov,1992-93,CHI,R,4,0,0,0,-2,2,--,0,0,0,0,0,0,0,0.0,,--,--
690,Rod Langway,1992-93,WSH,D,21,0,0,0,-13,20,--,0,0,0,0,0,0,6,0.0,,--,--
691,Alain Cote,1992-93,TBL,D,2,0,0,0,-1,0,--,0,0,0,0,0,0,1,0.0,,--,--
692,Bobby Dollas,1992-93,DET,D,6,0,0,0,-1,2,--,0,0,0,0,0,0,5,0.0,,--,--
693,Graeme Townshend,1992-93,NYI,L,2,0,0,0,0,0,--,0,0,0,0,0,0,0,0.0,,--,--
694,Darryl Shannon,1992-93,TOR,D,16,0,0,0,-5,11,--,0,0,0,0,0,0,10,0.0,,--,--
695,Eric Charron,1992-93,MTL,D,3,0,0,0,0,2,--,0,0,0,0,0,0,0,0.0,,--,--
696,Mikhail Kravets,1992-93,SJS,L,1,0,0,0,-1,0,--,0,0,0,0,0,0,0,0.0,,--,--
697,Kent Paynter,1992-93,OTT,D,6,0,0,0,-7,20,--,0,0,0,0,0,0,3,0.0,,--,--
698,Douglas Barrault,1992-93,MNS,R,2,0,0,0,-1,2,--,0,0,0,0,0,0,0,0.0,,--,--
699,Patrik Carnback,1992-93,MTL,R,6,0,0,0,-4,2,--,0,0,0,0,0,0,4,0.0,,--,--
700,Stephen Tepper,1992-93,CHI,R,1,0,0,0,0,0,--,0,0,0,0,0,0,0,0.0,,--,--
701,Jay Caufield,1992-93,PIT,R,26,0,0,0,-1,60,--,0,0,0,0,0,0,6,0.0,,--,--
702,Dan Currie,1992-93,EDM,L,5,0,0,0,-4,4,--,0,0,0,0,0,0,11,0.0,,--,--
703,Joby Messier,1992-93,NYR,D,11,0,0,0,0,6,--,0,0,0,0,0,0,11,0.0,,--,--
704,Barry Nieckar,1992-93,HFD,L,2,0,0,0,-2,2,--,0,0,0,0,0,0,1,0.0,,--,--
705,Steve Bancroft,1992-93,CHI,D,1,0,0,0,0,0,--,0,0,0,0,0,0,0,0.0,,--,--
706,Darryl Williams,1992-93,LAK,R,2,0,0,0,0,10,--,0,0,0,0,0,0,1,0.0,,--,--
707,Jim Dowd,1992-93,NJD,C,1,0,0,0,-1,0,--,0,0,0,0,0,0,1,0.0,,--,--
708,Denis Chervyakov,1992-93,BOS,D,2,0,0,0,-1,2,--,0,0,0,0,0,0,2,0.0,,--,--
709,Francois Leroux,1992-93,EDM,D,1,0,0,0,0,4,--,0,0,0,0,0,0,0,0.0,,--,--
710,Martin Simard,1992-93,TBL,R,7,0,0,0,-1,11,--,0,0,0,0,0,0,1,0.0,,--,--
711,Roy Mitchell,1992-93,MNS,D,3,0,0,0,0,0,--,0,0,0,0,0,0,0,0.0,,--,--
712,Radek Hamr,1992-93,OTT,D,4,0,0,0,-4,0,--,0,0,0,0,0,0,2,0.0,,--,--
713,Jason Miller,1992-93,NJD,C,2,0,0,0,-1,0,--,0,0,0,0,0,0,1,0.0,,--,--
714,John Leblanc,1992-93,WIN,R,3,0,0,0,0,2,--,0,0,0,0,0,0,5,0.0,,--,--
715,Martin Lapointe,1992-93,DET,R,3,0,0,0,-2,0,--,0,0,0,0,0,0,2,0.0,,--,--
